Timestamp,Ax,Ay,Az,Gx,Gy,Gz
1047,-16164,2872,-1204,3300,-869,670
1069,-16380,3776,-504,-284,1222,1330
1091,-18024,3664,-3960,-3079,1154,1152
1113,-15648,2164,3384,-2278,-971,-492
1135,-15076,2380,3908,111,-2846,-653
1157,-15756,3652,5176,-499,-3916,-108
1179,-16852,5040,1608,-977,-4646,1618
1201,-15712,7268,-720,-2170,-5768,2439
1223,-16356,2440,1396,-2588,-7973,-1390
1245,-15796,-516,3848,1203,-8111,-1178
1267,-14408,2560,-1172,1905,-5274,2254
1289,-14060,984,-856,-3353,-3063,3396
1311,-13580,-2556,-2484,-5738,-1730,827
1333,-13280,-952,-1444,-8401,923,-3520
1355,-13336,-224,-3872,-9833,4738,-4557
1377,-11424,460,-3816,-11048,7858,-3925
1399,-23848,344,-32768,-13277,21703,3950
1421,-7904,5408,-7364,7762,-3613,1883
1443,-28012,18360,24716,5608,-5020,7225
1465,-15696,7264,-9112,4043,3692,954
1487,-15048,404,1644,-2023,1349,276
1509,-16476,716,-656,-3579,-163,-257
1531,-15756,1724,-896,-1466,2193,1728
1553,-19492,872,1236,2331,107,1640
1575,-17064,3120,-1172,707,-670,372
1597,-15440,4764,-1460,440,163,-19
1619,-16276,3124,-688,-601,-62,-1565
1641,-16128,2492,-836,548,-72,-1877
1663,-16116,1864,60,1162,413,-1499
1685,-16176,2592,-332,2280,954,-697
1707,-16140,2776,-716,963,1116,-1377
1729,-16464,2796,-808,-1055,696,-1984
1751,-16012,2024,-320,-67,1617,-1765
1773,-15908,2048,-108,-125,2794,-1327
1795,-16580,524,-152,-809,4205,-1058
1817,-18512,-460,-1000,-438,5498,-233
1839,-16964,1816,-1196,-1179,6525,441
1861,-16996,2888,-480,-1674,7411,335
1883,-20436,1768,1284,-4398,5719,-497
1905,-22172,5820,-2312,5425,4191,1071
1927,-18384,7244,1760,-649,4860,237
1949,-14328,5872,12204,-7968,2110,2051
1971,-10496,1560,14880,-6336,-5269,-757
1993,-12380,1840,11328,-4489,-11553,-980
2015,-15016,2580,3644,-4764,-13405,-1566
2037,-16832,2736,-3004,-5332,-10451,-12
2059,-20212,-672,-14904,6031,-6876,520
2081,-15924,3676,-17348,-5001,-1869,1588
2103,-16828,4108,-9508,-7385,-2895,267
2125,-13940,-1820,-4348,-1997,-1001,-2784
2147,-16324,76,852,3831,257,-987
2169,-17620,280,-952,13321,-2044,-1622
2191,-17548,4612,2240,9828,-3063,1204
2213,-15628,3356,2816,4924,-4159,1617
2235,-15332,6500,1816,2923,-4577,4275
2257,-15664,4900,916,-1929,-5062,173
2279,-17480,-2676,1828,1412,-5559,-4093
2301,-16060,-1064,11368,9091,-4512,-1752
2323,-11016,2888,14568,6106,-3515,-448
2345,-23068,820,-10648,-3422,-5293,5370
2367,-18256,14916,-1572,-13314,-8503,10420
2389,-14900,-8672,252,-5683,-11956,-6973
2411,-14736,1020,-2776,4907,-6923,61
2433,-12960,1036,-3552,7214,-1506,-1048
2455,-13440,2096,-3656,3599,3750,2678
2477,-15196,6012,-1044,-7317,6229,1823
2499,-19048,2836,-3212,-11218,4443,-786
2521,-14156,956,5132,-6502,1666,-1076
2543,-15816,1052,2880,-4206,-416,-599
2565,-15400,3008,3028,-2559,-1346,2158
2587,-14724,7156,2752,215,-322,3515
2609,-15084,2340,312,-575,423,-6
2631,-13904,1532,1612,-196,807,-2204
2653,-12060,-1148,1028,-2402,2296,-4217
2675,-13688,-1828,-2768,-881,4442,-3222
2697,-16704,4192,-17536,-184,11273,-517
2719,-17532,4100,3320,-9122,723,1740
2741,-22308,2864,7748,9802,-141,199
2763,-16904,-2836,-940,5213,-775,-1326
2785,-16964,2492,2464,5140,514,1210
2807,-16620,2408,-300,5237,1757,1589
2829,-17128,1484,660,2200,2114,1132
2851,-16768,2844,180,736,2938,1654
2873,-15612,3744,256,2,3448,1531
2895,-16016,4144,240,-1418,3314,727
2917,-16296,4660,-1016,-2912,2588,-507
2939,-16356,4068,-832,-3291,1197,-1631
2961,-17268,1680,-316,-1738,-566,-2418
2983,-16152,1600,288,-389,-994,-1859
3005,-15652,2200,632,195,-610,-1040
3027,-16180,3076,632,-718,105,-885
3049,-15828,2836,208,-2455,564,-1099
3071,-15984,2728,220,-2896,1305,-1814
3093,-15464,2480,364,-1738,2884,-1404
3115,-15980,1712,488,-2588,4725,-1530
3137,-17556,224,364,-3432,7287,-1375
3159,-18004,1740,488,-2925,10242,-747
3181,-19640,4084,4300,326,10853,572
3203,-18596,4728,2240,2084,7715,694
3225,-16388,5828,14952,-1208,1967,1364
3247,-14520,5672,11352,-8932,-4706,1340
3269,-14024,2140,7168,-7857,-10458,449
3291,-16832,2760,320,-2619,-9897,-976
3313,-18960,2076,-2620,2179,-7972,-1226
3335,-16540,-704,-17500,13068,-6862,1846
3357,-15880,9580,-6148,5118,-5081,6233
3379,-14824,-3352,772,1887,-4619,-4590
3401,-14392,-3176,3328,7269,-1860,-2674
3423,-14716,3556,2180,5918,-168,364
3445,-16816,5244,-6216,-511,-1020,2587
3467,-15336,7616,-1040,-5779,-2624,2256
3489,-16496,-3156,1192,-5375,-4578,-6191
3511,-14628,916,512,704,-2138,-858
3533,-15088,2564,-1388,399,-761,1161
3555,-16952,1112,-3440,369,-393,3021
3577,-16308,4296,-1456,-2443,-651,1055
3599,-16008,-28,468,1510,-1645,-2485
3621,-15300,1900,4896,5288,-1053,-243
3643,-15148,2116,5036,2577,-1048,909
3665,-15464,5228,3540,1333,-779,4082
3687,-16816,7764,-660,-6178,-1521,2534
3709,-15836,-120,4444,-5214,-4363,-2806
3731,-15724,1400,956,1417,-3340,-259
3753,-14632,2172,832,656,-2218,624
3775,-15832,1372,-1316,-1119,-1395,1815
3797,-16492,5116,-1044,-5781,-1845,3066
3819,-15388,-268,-1140,-3272,-3937,-2280
3841,-14712,1228,-4744,2132,-2183,-396
3863,-13840,1204,-4624,580,495,214
3885,-13236,280,-4964,-219,2760,793
3907,-14288,-820,1584,-248,3243,-325
3929,-14960,2052,10988,-5538,2864,-490
3951,-15284,6608,7080,-7980,3745,-45
3973,-18724,12224,-12356,243,9557,1358
3995,-24420,456,-11620,13977,3525,-1364
4017,-13472,-76,3648,4623,581,-1141
4039,-17268,-360,-416,6655,2796,1492
4061,-17488,2936,-688,6185,3984,3620
4083,-16700,4304,-788,534,3246,3095
4105,-16132,4572,-1260,-1760,1473,575
4127,-15964,4168,-652,-1970,98,-468
4149,-15952,3852,-516,27,531,-537
4171,-15864,3576,-980,1503,622,-275
4193,-15772,3744,-24,674,571,-759
4215,-15384,3632,-288,-471,950,-823
4237,-15012,3600,-472,847,1930,-249
4259,-16552,3048,-788,-1043,1509,-753
4281,-16124,3176,-656,-538,1827,-1523
4303,-15872,2192,-668,-503,2010,-1697
4325,-16260,2284,-1112,-1202,2132,-1994
4347,-16396,988,-772,-1160,2651,-1080
4369,-16156,2372,-828,-1129,3652,-302
4391,-16076,2336,-1016,-2052,5124,-576
4413,-17276,2688,-208,-2524,7033,-1416
4435,-22652,-312,4216,-1619,1179,-3143
4457,-16868,5360,-344,-368,8401,-1108
4479,-20928,7712,4212,2344,9928,392
4501,-17860,8468,11416,3719,7459,1523
4523,-12020,6788,17972,-10423,-1084,1125
4545,-12220,1584,13116,-11669,-8986,197
4567,-13436,400,4976,-5128,-13245,-1280
4589,-17312,1080,-1496,-6146,-11523,-2987
4611,-22416,-320,-13144,3444,-9762,-3029
4633,-18152,7416,-15628,-23,-5155,3026
4655,-16296,3864,-6448,-5213,-5503,-627
4677,-14948,-2448,-5488,1397,-5216,-2296
4699,-15384,2212,-1436,4656,-5831,902
4721,-16724,2704,-1080,7196,-7396,-1867
4743,-16864,3824,-9516,10517,-7191,-20
4765,-16328,2816,4492,7586,-8468,-945
4787,-13620,-408,7460,7776,-8879,-2171
4809,-15524,4260,-112,7132,-6523,4015
4831,-16496,4280,-4328,-661,-5363,3857
4853,-16884,2564,-2860,-3406,-4603,1661
4875,-15880,828,-632,-1332,-2650,-323
4897,-14664,1096,4280,663,-614,632
4919,-13268,3896,4748,2193,-1028,4428
4941,-14548,5900,-420,-6281,-535,4345
4963,-17632,3380,2508,-10540,-2582,-1670
4985,-15172,8,-3012,-1617,-1470,-3319
5007,-13964,2332,-1432,1485,2994,-463
5029,-12784,2328,-32,-4707,6552,-1030
5051,-15668,216,-3908,-9754,7616,-1826
5073,-16748,3352,3612,-5331,3531,1053
5095,-13692,1564,6060,-3323,-4,-2057
5117,-14772,2052,2332,-3234,-1109,647
5139,-13316,1728,4,40,-173,2549
5161,-12048,-1052,-2876,-454,3894,1159
5183,-18308,3640,-11124,-4808,7823,1242
5205,-21800,15152,10304,-9386,991,2278
5227,-18164,10632,552,-9115,9256,-1606
5249,-17400,-6916,-244,-6801,6218,-4564
5271,-17760,-4508,532,2007,1676,-762
5293,-16668,-516,80,2880,3608,1878
5315,-18544,1968,-1616,5137,3473,3233
5337,-16348,4100,-968,547,2341,2639
5359,-16280,3656,-1056,106,1730,1049
5381,-15660,3704,-904,604,2729,903
5403,-16268,3608,-176,399,4014,1028
5425,-16332,4364,-1564,-1234,4011,10
5447,-16044,3484,-1600,-3211,2814,-1172
5469,-15956,3068,-1380,-4164,2447,-1416
5491,-15896,2936,-1504,-3580,2460,-1583
5513,-15976,3032,-1960,-2127,2000,-1004
5535,-16196,2368,-1184,-2734,2259,-1794
5557,-16452,2888,-1388,-2713,2222,-2065
5579,-16452,3032,-1732,-2933,3083,-2683
5601,-16368,2012,-1432,-2720,4021,-2243
5623,-20248,1340,2832,3329,-3016,-867
5645,-17008,-4208,-1884,3439,-4323,-3251
5667,-16984,3268,-2648,5700,6358,-598
5689,-19368,6312,584,3958,8768,670
5711,-20916,6668,4364,1494,9097,-351
5733,-15492,6460,14448,-3700,3174,1704
5755,-13428,5700,11256,-8694,-4438,1934
5777,-13776,1884,4564,-7288,-8233,-77
5799,-15760,772,-840,-3329,-8854,-211
5821,-17616,2140,-7328,-2400,-6835,1051
5843,-16484,2820,-11200,-4492,-4715,1369
5865,-16192,-420,-5732,-3158,-4152,-683
5887,-15076,576,-2616,445,-3036,-693
5909,-14236,1872,1504,4592,-2990,-764
5931,-15720,168,68,8658,-4745,-1374
5953,-17500,2860,-9368,6769,-6122,1834
5975,-17144,6356,-180,264,-7624,1851
5997,-16404,1520,1320,-557,-6498,-1396
6019,-14980,4436,2928,2818,-6289,1425
6041,-16092,3848,3548,4162,-6360,2173
6063,-16808,4552,-2144,3894,-5273,3156
6085,-16612,2256,-7652,205,-3964,2184
6107,-16108,-1420,-3188,1249,-1511,-248
6129,-14384,972,-2184,484,1090,1137
6151,-14864,984,1944,-2181,1945,391
6173,-17116,2220,-680,-4203,1393,774
6195,-17756,4368,2512,-4359,576,774
6217,-17944,2076,-128,63,969,-1177
6239,-15492,4224,4204,358,2215,103
6261,-14248,2616,7168,-2041,342,817
6283,-14928,3104,5048,-4316,-2803,1301
6305,-15516,3856,3536,-5295,-4907,641
6327,-14816,1828,-1728,-2256,-4696,117
6349,-13380,1308,-5500,242,-2246,1065
6371,-12436,184,-4388,-1913,426,1197
6393,-12164,1052,-7576,-6969,3046,-471
6415,-12596,328,-4988,-7364,2814,-1270
6437,-14268,2164,560,-3570,3005,-2797
6459,-14880,10504,17896,-1281,-213,-2494
6481,-16092,2152,10776,-2324,2949,-3730
6503,-24972,19408,-22640,13477,16244,9132
6525,-32768,5464,7812,-4033,-8039,-4630
6547,-5640,-3592,-1228,-5033,4841,-5039
6569,-17404,-1972,-588,4778,2211,2044
6591,-16780,2332,-20,3813,3265,3437
6613,-14964,6092,-888,1003,3549,1842
6635,-15608,4436,-1240,503,3347,-46
6657,-16376,2992,-1064,1054,3741,-60
6679,-16620,2652,-464,663,3365,-142
6701,-17516,2352,-1376,4935,1120,57
6723,-15748,3580,-1984,2200,1049,-419
6745,-15908,3748,-892,-334,1415,-1129
6767,-15740,3200,-1580,-1135,2110,-1277
6789,-16184,2464,-1776,-1259,2333,-1227
6811,-16052,2348,-1596,-2015,2855,-1071
6833,-16140,2120,-1388,-3352,3869,-1200
6855,-16492,2240,-1328,-3007,4900,-1142
6877,-16312,1240,-1516,-2758,6881,-1409
6899,-19796,1748,2384,78,4815,-533
6921,-22004,3932,5008,6681,-1416,389
6943,-16384,8192,-148,6879,6419,-201
6965,-19984,5540,-5516,2231,8287,-807
6987,-17748,3452,-3552,-39,8371,-963
7009,-14324,4380,4728,-3486,5764,542
7031,-10968,4720,7552,-8135,1094,-163
7053,-13264,1268,4712,-7433,-4428,-587
7075,-14856,308,2912,336,-8118,-1341
7097,-17232,628,-20,3791,-9726,-819
7119,-18496,3724,-4124,2454,-8432,404
7141,-16780,4564,-5004,-2519,-7416,10
7163,-15476,2208,1216,-3751,-8112,-584
7185,-15444,1564,2148,-2496,-9478,-57
7207,-17524,2496,-3416,570,-10788,1157
7229,-19860,1556,-12828,1394,-9907,2487
7251,-16876,5308,-12252,-3531,-7882,2657
7273,-16148,-364,-512,1542,-7663,-3037
7295,-14996,-1228,1300,8922,-6760,-2890
7317,-14356,4308,-3056,8820,-3260,2784
7339,-15316,368,-632,922,-457,2806
7361,-16892,708,-3552,-900,702,1150
7383,-17184,1928,-6268,-1211,928,-1639
7405,-15360,-604,4624,2133,862,-2772
7427,-14064,-152,6052,3182,770,-1749
7449,-13920,3528,6672,-1153,-100,2957
7471,-17484,8376,-4168,-7035,-1671,3538
7493,-17632,6440,3156,-10575,-5029,-1503
7515,-14984,3424,-2600,10,-4808,-3551
7537,-12984,5728,-660,4023,-3293,420
7559,-12280,6172,-2504,-20,-1504,3800
7581,-11056,1812,644,-5551,-38,958
7603,-15580,1060,-9224,-5909,1279,97
7625,-15352,-2008,-4156,-5574,-558,-3691
7647,-18512,-2340,4176,-3884,399,-4608
7669,-16048,2140,4684,-2909,2993,-1424
7691,-14668,4444,-13192,4437,6267,215
7713,-25532,-1984,1852,2306,741,375
7735,-11804,3580,620,1688,3557,644
7757,-16144,4580,32,284,3864,1658
7779,-14848,4864,116,1493,3838,1181
7801,-16144,3584,-456,-120,2870,-382
7823,-16676,2180,-620,-930,2747,-490
7845,-17616,404,-564,166,2430,72
7867,-17340,1728,-384,610,2431,725
7889,-16676,2848,-1312,24,1980,252
7911,-16364,2896,-916,296,640,27
7933,-16116,2808,-1084,-3183,-758,-1331
7955,-15732,3648,-1768,-1156,-754,-1259
7977,-16040,2788,-632,-596,-957,-1516
7999,-16480,3248,-252,334,155,-812
8021,-15640,2672,-340,-113,1731,-1442
8043,-14728,2540,184,-459,4748,-1669
8065,-15196,1296,-36,-1413,7499,-1020
8087,-16160,1008,-852,-2061,11561,-477
8109,-18772,700,-840,-5251,15179,-1157
8131,-28332,916,5284,4614,40,342
8153,-17432,6112,-2872,7700,5492,331
8175,-18492,5320,804,6785,5505,1203
8197,-13628,7944,10056,2451,1465,1062
8219,-13956,6232,9200,-1964,-4418,80
8241,-13452,5144,6240,-2514,-7460,-141
8263,-16132,5808,1760,-3189,-8798,865
8285,-18476,3372,-4956,1432,-8837,1648
8307,-16464,2340,-6012,-282,-6244,2062
8329,-14532,1260,-612,-3540,-3654,-670
8351,-14996,1168,6044,-5959,-3294,-1881
8373,-17120,-92,-18724,5153,-2687,3440
8395,-17188,7920,640,2226,-8754,7069
8417,-14176,-5776,4700,5577,-10299,-5650
8439,-15384,-916,352,9171,-6478,164
8461,-17348,1744,-8556,5972,-6406,2471
8483,-15632,6348,-4992,-4274,-5511,6809
8505,-15720,1612,-472,-9084,-5911,-741
8527,-14524,-1012,-4440,-6633,-4868,-2798
8549,-14320,3104,-4544,-3208,-2540,-91
8571,-15012,2368,-3520,-3310,377,929
8593,-16264,3244,-3248,-3422,2720,991
8615,-15984,3788,-936,-3930,2517,-361
8637,-14560,2268,7272,114,-340,-1297
8659,-13748,2040,10900,5950,-3460,-608
8681,-14076,5124,9936,5260,-5645,1166
8703,-15240,4108,6012,-2184,-6719,-813
8725,-17484,4480,-3864,-2994,-4901,1735
8747,-14760,1008,-3332,-5262,-2805,666
8769,-12324,-2544,-4480,-6924,2586,-1671
8791,-12084,-2372,-9408,-7526,11369,-2807
8813,-32768,-9260,-388,-15713,2541,3134
8835,-15632,14968,15568,2078,1157,1842
8857,-15832,2912,-5220,12045,4871,307
8879,-20336,4064,1044,2426,3683,1542
8901,-14980,2352,572,2441,4337,113
8923,-16288,3220,-1116,-448,2748,-11
8945,-14716,4244,56,925,2961,436
8967,-15576,1956,-276,-58,2777,-6
8989,-17600,-36,-212,627,3252,483
9011,-17324,2040,252,2120,4078,1562
9033,-15912,4012,-796,2507,4471,1299
9055,-16452,4512,-1332,1382,3628,-35
9077,-16500,3432,-1748,-3142,1646,-2243
9099,-16316,3036,-2280,-1653,705,-2397
9121,-16628,2492,-1400,-684,-129,-1788
9143,-16652,2056,-796,-328,-529,-1475
9165,-15840,2740,-680,-306,-143,-1072
9187,-15868,3552,-716,-880,775,-1118
9209,-15932,2696,-940,-1201,1934,-1481
9231,-15800,2780,-1028,-1010,3293,-1290
9253,-15772,2644,-1276,-1176,4729,-956
9275,-16620,836,-808,-2890,6640,-1152
9297,-18056,1444,256,-4442,8231,-1590
9319,-18100,2028,288,-3771,4165,-2728
9341,-17884,3868,-924,4655,8180,-870
9363,-21448,5740,-1684,4897,9176,66
9385,-18776,6220,7712,5030,7663,1105
9407,-14800,6900,12500,-2329,2935,592
9429,-12340,3184,14232,-6290,-4774,386
9451,-13352,3060,10184,-2217,-9600,1444
9473,-15100,3008,5128,-2692,-10707,1051
9495,-19444,1160,-2864,-2916,-10201,-130
9517,-19820,3208,-14940,-4490,-6188,1983
9539,-17916,4884,-5896,-10893,-9117,2283
9561,-16508,-3660,168,-2834,-13566,-992
9583,-16096,3792,-996,7786,-14754,4188
9605,-18556,1528,-8712,12580,-14009,-1861
9627,-16508,220,-11964,14742,-11520,-2322
9649,-14436,2884,-7780,14441,-4595,1209
9671,-15328,1912,-3676,4930,1189,824
9693,-14508,1660,684,-7953,2351,2107
9715,-15160,3104,2296,-13089,75,588
9737,-15396,-232,2028,-10802,-2348,-2958
9759,-16592,-152,964,-3019,-1266,-2506
9781,-14708,3940,2848,-1196,1261,364
9803,-16512,3536,-3144,2652,2049,2953
9825,-17128,9124,2732,-2674,267,3101
9847,-14988,-2856,10600,1438,-5496,-5891
9869,-15348,3472,7396,11793,-6072,-167
9891,-15112,3140,2356,9630,-5756,1115
9913,-15116,4844,712,2979,-2679,4810
9935,-15852,4348,-5528,-6009,-278,4733
9957,-14660,5376,-2376,-14452,289,2075
9979,-14008,-2368,-2636,-13361,593,-3440
10001,-10968,-368,-1844,-9876,3750,-2938
10023,-11548,-3592,-1152,-9931,4096,-4096
10045,-16388,-484,-8536,-9039,5817,-1490
10067,-16884,-1776,-5460,-256,1532,-2049
10089,-21776,-2668,-3240,-670,2153,-1575
10111,-22636,31848,28212,4472,-5678,10911
10133,-24440,5048,-19616,6495,7651,-2848
10155,-13864,-6112,4972,5820,109,-468
10177,-15208,1452,2040,4448,4173,1275
10199,-16388,624,540,3076,5369,2341
10221,-16012,4404,-80,2301,5421,3126
10243,-15848,4928,-708,-2379,3744,658
10265,-15868,3652,-140,-1846,3114,-357
10287,-17400,2548,-1140,47,2784,-183
10309,-16572,3228,-1088,572,2121,-580
10331,-16884,2056,-644,-446,737,-1239
10353,-15808,2888,-480,-506,943,-954
10375,-15664,3172,-580,-534,1243,-1024
10397,-15900,2716,-500,-501,1022,-1401
10419,-16024,2968,-880,160,992,-1400
10441,-15748,2724,-480,68,1400,-1712
10463,-16432,1068,-556,-6,1939,-1743
10485,-16156,1460,-524,594,3125,-785
10507,-15752,1872,-428,385,4644,-360
10529,-15452,2744,-588,-207,6777,-295
10551,-16736,1992,-1176,-2204,9132,-790
10573,-17488,2536,-1240,-3573,10393,-1599
10595,-19452,-12,-3128,-47,3853,-2925
10617,-18940,6488,-456,3109,6286,-223
10639,-20228,6968,4052,3558,7091,80
10661,-15112,6576,12488,3101,2479,-234
10683,-14188,3316,9436,624,-2939,373
10705,-14088,1768,6712,1417,-6735,972
10727,-14488,2412,3048,-348,-7316,904
10749,-17252,928,-1236,310,-7861,-1138
10771,-17044,1152,-5936,1617,-6215,-647
10793,-15796,2880,-6152,-3215,-4938,-374
10815,-17872,1020,-8984,-1562,-6819,-461
10837,-17372,3092,-10292,476,-8974,3109
10859,-14832,552,-3724,-2122,-8825,-268
10881,-15820,-3724,-5908,-239,-4928,-3473
10903,-15044,2744,-2392,-1513,-601,-937
10925,-15488,2476,-5180,-5351,-1156,1540
10947,-15700,5144,-3312,-6839,-2894,3169
10969,-16056,-1204,-744,-2952,-5364,-2750
10991,-16840,172,-4432,5118,-3294,-1286
11013,-15632,2964,-4412,7817,740,496
11035,-17468,1316,-6420,8923,3996,2418
11057,-17688,7404,-4344,4919,6048,5803
11079,-16708,4036,7788,171,3288,-251
11101,-14740,-2184,14500,3739,-2120,-2889
11123,-12952,1600,14500,8032,-5369,-1029
11145,-15208,5188,5256,3856,-6409,2430
11167,-16464,5616,1928,-3758,-5744,4394
11189,-17216,6868,-4984,-11051,-3856,4071
11211,-15900,572,-2532,-12327,-4418,-1226
11233,-14496,-1100,-3192,-6024,-3593,-1287
11255,-13000,2044,1136,-2030,-2481,-1428
11277,-11304,1388,3388,871,-1926,-2146
11299,-14048,712,2540,-2365,-2619,-1767
11321,-16916,3352,-4860,-2524,-1820,-28
11343,-17608,1876,-5680,-2081,-1308,267
11365,-16312,-1248,-6824,-2404,1391,-1708
11387,-20300,-1864,-22176,6036,8100,1287
11409,-16504,5452,-2592,6012,1340,-394
11431,-17788,6548,23788,2385,-1035,2287
11453,-15560,-596,-6960,7645,7009,-1618
11475,-21732,3372,248,2816,6132,2693
11497,-14180,2856,-352,-560,4952,-158
11519,-15652,5352,-1240,-2237,2646,-51
11541,-15212,3224,-1552,-2372,2961,-1358
11563,-18224,-44,-648,-1465,3495,-1105
11585,-18540,-1164,160,1274,3464,693
11607,-16472,3192,-1188,2104,4033,1838
11629,-16200,4292,-1816,749,3245,-121
11651,-16224,3904,-2628,201,1948,-1126
11673,-16304,2408,-2368,504,1177,-1730
11695,-16508,624,-1380,-426,877,-1407
11717,-16260,1320,-1256,-2044,1451,-773
11739,-15892,2060,-1492,-3921,2101,-697
11761,-15576,3152,-1552,-4863,3083,-1083
11783,-15964,2500,-1420,-4799,3898,-1798
11805,-15660,2624,-1588,-3677,4836,-1529
11827,-15840,1288,-1600,-2732,6125,-1590
11849,-16404,104,-1612,-2264,7690,-680
11871,-21648,-48,3544,1004,2909,437
11893,-21628,-2296,3932,6812,-4177,-566
11915,-18148,6112,-760,10139,8834,136
11937,-22872,7828,96,7447,11170,101
11959,-21108,3388,8096,5588,9289,-1085
11981,-13364,4376,11200,6415,3979,-1468
12003,-13264,6200,12124,1806,-2255,-761
12025,-11376,4332,9424,-519,-7317,412
12047,-14540,6560,3368,-3521,-10859,3230
12069,-17996,1624,-3736,-11877,-12686,2835
12091,-16912,2036,-10964,-12906,-10941,3193
12113,-17184,3404,-10276,-11300,-8360,420
12135,-18260,968,-9248,-4220,-8064,-2855
12157,-17000,1132,-11088,3151,-7138,-2692
12179,-14612,616,704,5434,-7160,-1869
12201,-14908,2492,3616,3582,-7981,460
12223,-16896,3512,-1516,2369,-8392,3850
12245,-17220,3836,-4700,-2149,-7902,4160
12267,-17448,668,-3028,-3647,-8491,-387
12289,-17164,-2876,-2452,3982,-7444,-2094
12311,-16048,1848,-3636,8326,-3550,794
12333,-15136,3288,-3764,3458,702,1706
12355,-17124,2196,-7268,-3747,2643,3197
12377,-15612,4928,1076,-9615,614,1783
12399,-15192,-2824,4144,-5532,-2883,-4184
12421,-15480,1484,4984,2429,-3842,-539
12443,-15660,2148,2824,5518,-4694,-7
12465,-15488,3240,2284,5345,-3929,2213
12487,-16716,2296,-296,2405,-3460,2405
12509,-16096,4260,852,-1418,-3080,2698
12531,-15004,1760,552,-4426,-2988,1496
12553,-14240,4360,-1072,-5025,-1816,3543
12575,-13188,2492,-360,-13286,-1094,978
12597,-13696,-1996,-616,-12414,-2114,-3114
12619,-14268,-2116,-2892,-3708,-1941,-2469
12641,-17420,-680,-7808,-463,437,-1546
12663,-13928,-380,-8836,-808,5152,-2287
12685,-15424,2580,-1260,-4137,7575,57
12707,-32768,23724,31576,4623,-2731,7412
12729,-10476,1512,-12540,19676,6580,-6635
12751,-21964,2648,2460,677,2094,394
12773,-12876,164,1352,229,4468,-1978
12795,-17668,-1164,796,3722,4186,1243
12817,-16800,-44,420,5270,3901,1606
12839,-16072,2836,152,2654,2916,1706
12861,-16596,2788,-396,2020,3315,1348
12883,-16800,2868,-404,3896,3961,1689
12905,-15892,4420,-956,4449,3974,1226
12927,-16536,3916,-1404,1593,3083,-240
12949,-15980,3492,-732,334,2321,-699
12971,-16268,2892,-1180,-15,1146,-945
12993,-16644,2616,-952,-1688,-515,-1466
13015,-15900,2908,-888,-2089,-835,-1461
13037,-15832,2528,-400,-1262,-486,-1346
13059,-15820,2368,-268,-686,115,-1047
13081,-15884,2808,-204,-1026,917,-921
13103,-15776,2380,-216,-1025,2250,-1214
13125,-15728,1944,-344,-660,4064,-875
13147,-15864,3096,-812,-253,5684,-384
13169,-15720,2344,-1252,-1699,6934,-431
13191,-16724,1732,-1020,-2863,8481,-898
13213,-17544,428,332,-5078,10105,-1798
13235,-22300,-352,2856,-5295,5237,-3050
13257,-18880,5124,-220,4665,9921,-399
13279,-21708,6580,-1344,5092,10985,1081
13301,-19268,6652,4800,4257,7755,220
13323,-13640,4800,10400,-1111,2367,-1646
13345,-13020,3868,8868,-4784,-2213,677
13367,-12172,2348,10092,-3707,-7189,667
13389,-15132,3912,5416,-2976,-10893,905
13411,-18188,1732,-2600,-4044,-13028,507
13433,-18484,3344,-7748,-6950,-12110,2247
13455,-17416,5020,-6144,-8706,-11754,1817
13477,-16808,144,-5096,-4757,-11026,-1137
13499,-15976,1396,-4468,366,-8077,-829
13521,-17756,1576,-6648,8863,-6837,-1763
13543,-18192,1992,-8836,9343,-5630,1523
13565,-16012,4004,-3952,4159,-4659,1843
13587,-15676,1336,-3672,43,-3846,658
13609,-15924,3332,-6296,-2244,-1722,1799
13631,-16256,3308,-7176,-3680,-165,272
13653,-15904,-480,-2608,-523,894,-523
13675,-14748,1452,1344,1743,-933,1023
13697,-15144,2152,3636,-337,-3830,3115
13719,-15148,2912,4804,-2791,-4544,3520
13741,-16804,5228,-384,-3885,-2915,3342
13763,-15972,2784,956,-3494,-1616,1368
13785,-14756,40,3732,389,-1019,91
13807,-14072,128,4780,2430,-1936,-495
13829,-14000,2184,2012,1600,-1467,413
13851,-13644,2324,2024,-3460,1166,-2382
13873,-14684,828,-6164,-13980,4714,-4509
13895,-17248,4720,-8700,-12132,5853,82
13917,-16012,1788,-3344,-6109,2813,-2425
13939,-14552,-5384,-8184,2668,2563,-1552
13961,-14232,-1916,-5852,4782,316,-64
13983,-16476,18088,0,-606,1872,7444
14005,-19288,-2828,-17716,5644,6718,-5799
14027,-23688,-2688,7044,-2529,116,-2069
14049,-14900,1012,-416,5155,6556,425
14071,-17016,-640,-140,621,6670,2422
14093,-15516,4676,-732,1072,6762,3127
14115,-15000,5848,-1928,-3350,6363,624
14137,-16024,3932,-1928,-5013,5588,-260
14159,-17120,1888,-2204,-3897,4825,-484
14181,-16876,1988,-1636,-2127,3707,70
14203,-17004,2612,-2184,-1158,2249,-32
14225,-16540,2632,-2060,-1321,1553,-210
14247,-16000,3452,-1968,-711,2009,-428
14269,-16408,3624,-2276,-43,1808,-282
14291,-16108,3608,-2532,-280,1932,-568
14313,-15736,3056,-2232,-677,1859,-899
14335,-16016,2848,-2100,-69,2251,-493
14357,-16460,2996,-2352,-1281,2196,-1247
14379,-16100,2236,-2456,-573,2637,-616
14401,-16100,2088,-2652,-598,3541,-221
14423,-15544,2948,-2776,-85,4677,-77
14445,-16024,2584,-2144,-597,6827,-208
14467,-18284,2524,-1576,-441,8679,-451
14489,-32264,-228,7952,9580,-12318,2244
14511,-13644,4364,-5740,17655,3522,13
14533,-20716,7836,-576,7306,10108,383
14555,-19700,5728,700,3691,11272,-785
14577,-17580,3936,10468,1538,7054,-315
14599,-10032,4444,18816,1125,-2413,-304
14621,-13032,4644,13668,1669,-10967,690
14643,-15372,2620,5124,2862,-16800,938
14665,-17760,3040,-2696,1297,-18046,1910
14687,-17732,1600,-6632,-3247,-15762,1432
14709,-17460,6540,-5208,-11953,-12875,82
14731,-18328,3460,-3924,-14593,-11279,-5761
14753,-19068,1668,-8836,-7913,-9199,-6312
14775,-19964,732,-10852,10976,-10169,-375
14797,-18348,-2980,-16100,20883,-11906,3403
14819,-16052,6088,-12588,10923,-9885,8018
14841,-14576,5428,-4924,2420,-8537,2025
14863,-14552,-4956,4388,1741,-6431,-5054
14885,-13856,-1140,3196,11612,-2615,-507
14907,-14648,2460,1204,9144,-1320,2773
14929,-15936,4164,344,1360,-943,5815
14951,-16608,9736,-208,-8470,-520,3665
14973,-15544,1228,3236,-9674,-3088,-3955
14995,-14068,712,5332,-2198,-1490,-1031
15017,-13364,4572,1116,-3466,-306,2495
15039,-15784,4100,-2832,-10327,-40,4174
15061,-17160,6816,-1092,-15839,-977,3548
15083,-14868,-2896,532,-6714,-3576,-4985
15105,-14376,2284,-2476,2506,-1540,-1157
15127,-13736,1828,-2552,3251,1487,-518
15149,-13312,704,-2472,544,4192,1996
15171,-14816,-1432,-10024,-4978,6761,237
15193,-18540,-2000,1556,-5297,4121,115
15215,-15248,10848,20976,402,1231,2683
15237,-18884,5544,-17296,3100,9350,-398
15259,-22340,3548,1252,3798,3075,1868
15281,-15032,3304,-1692,2211,7724,-366
15303,-17300,1140,-744,3760,6368,961
15325,-17116,2456,-780,2939,5907,1539
15347,-17220,3088,-1676,-211,4526,1204
15369,-16904,2644,-1216,-411,2878,676
15391,-16552,3860,-1948,141,1975,364
15413,-16176,3708,-1624,717,1111,-63
15435,-16248,3416,-1224,687,469,-248
15457,-15980,3604,-724,-48,342,-533
15479,-15932,3116,-748,-492,624,-902
15501,-16024,2976,-664,-655,857,-862
15523,-15316,3688,-412,-117,1372,-613
15545,-15416,3644,-1056,689,2227,-672
15567,-15564,3748,-1224,-381,2525,-834
15589,-16160,3464,-1732,-1616,2004,-1467
15611,-16032,2060,-1476,-2575,2592,-1311
15633,-15952,2744,-1308,-2831,3942,-906
15655,-15604,3604,-868,-3161,5629,-453
15677,-15300,3772,-2348,-4505,6927,-672
15699,-15240,3872,-3128,-5362,7591,-1206
15721,-17404,2116,-2408,-7051,9047,-2652
15743,-23028,2416,4524,-5178,4929,-3185
15765,-19688,-2964,-196,5008,-3061,-3156
15787,-22668,4664,-1284,7939,8042,1099
15809,-21364,5520,1288,8525,11652,1395
15831,-19496,5852,4968,5427,10220,2000
15853,-14800,5652,18420,1332,2273,-607
15875,-10532,884,16804,2044,-7513,-512
15897,-10416,1896,14980,6303,-15483,1118
15919,-14508,3188,6452,4609,-21909,2837
15941,-20908,5832,-4048,-2077,-21845,4143
15963,-24576,8744,-17128,-10599,-16507,4067
15985,-19996,7472,-19396,-17108,-10621,1435
16007,-16900,3812,-12340,-8269,-5523,1245
16029,-15908,1028,-6996,3057,-2814,-533
16051,-15148,-1876,3704,9078,-4228,-1952
16073,-11524,500,11968,7678,-5909,30
16095,-14628,3752,8500,1167,-7624,1641
16117,-21764,5952,-12924,-6982,-9037,4096
16139,-17512,2280,-1628,-10587,-11358,-1797
16161,-15012,-4296,-5060,3326,-8237,-6675
16183,-15268,2528,-6756,12996,-516,-402
16205,-12372,5012,-3948,5586,5600,1951
16227,-17424,-1300,-5772,-6010,7475,-1569
16249,-17448,6860,-3076,-12006,4906,2759
16271,-12064,-980,6768,-7711,-1121,-5081
16293,-13844,276,6064,-867,-2854,-2199
16315,-14240,3568,4596,22,-3889,-10
16337,-15300,5956,3044,-2684,-3127,2051
16359,-19040,4476,-8864,-5382,-1948,2711
16381,-13412,2456,1396,-569,-5076,578
16403,-11808,-2980,-1656,5999,-4240,-1630
16425,-13980,-1768,-524,7093,-2938,127
16447,-14204,-2964,-3848,5550,-449,117
16469,-15240,-3080,-6892,4952,3605,1280
16491,-19728,4624,-2612,-2310,5423,2040
16513,-19420,22140,27892,-662,247,6250
16535,-14552,7784,-12292,-3824,7773,-2674
16557,-19480,7348,-4540,-4685,5926,-849
16579,-13792,-1128,1444,-6896,5570,-5200
16601,-20552,-3428,-1920,2509,5485,-1318
16623,-19332,-1444,324,4522,3994,828
16645,-16476,2712,-4,1977,3882,2526
16667,-15044,4580,-248,-70,3261,1972
16689,-16340,4096,-472,-1249,3101,614
16711,-16552,3196,-520,136,3444,243
16733,-16104,2784,-76,1636,3570,368
16755,-16516,3452,-876,1616,3516,536
16777,-16100,4548,-1388,-649,2632,-613
16799,-16020,3572,-1336,-2342,1997,-1650
16821,-16596,2824,-936,-1644,1451,-1597
16843,-16224,2584,-1168,127,1343,-1026
16865,-16316,2580,-1176,-53,1286,-873
16887,-16540,3204,-768,-713,866,-1062
16909,-15620,2992,-1320,-792,1282,-1226
16931,-16032,2960,-1356,-719,1998,-1012
16953,-15640,3340,-1380,-1076,2849,-601
16975,-15448,3248,-1460,-1990,4005,-481
16997,-15184,3396,-1352,-2979,5526,-988
17019,-16372,2240,-1992,-4441,7113,-1547
17041,-16468,1948,-1812,-4698,8736,-2126
17063,-22304,-2832,1212,3102,-1515,-2685
17085,-15284,5052,-1260,822,6450,-2793
17107,-19516,4328,72,1847,10327,-1461
17129,-24332,5296,-484,7154,11699,-164
17151,-22992,5888,1028,8439,12354,-275
17173,-19232,8512,9144,8209,9090,-305
17195,-10616,8100,17292,1015,1088,578
17217,-7896,3568,18272,-3491,-8810,1508
17239,-13176,2480,9756,-881,-15861,3312
17261,-17068,3136,1524,-7105,-18222,3562
17283,-19928,1120,-11192,-6805,-16774,2579
17305,-21664,3084,-17288,-10643,-12154,1953
17327,-17820,3848,-18932,-5813,-7811,-1158
17349,-17356,308,-19932,2346,-5223,147
17371,-15580,1736,-2456,6700,-4814,1341
17393,-13500,84,7360,5338,-7049,-1568
17415,-16032,336,3180,5406,-10318,428
17437,-16716,5228,-2308,632,-11781,4620
17459,-18128,3988,-7140,-4496,-9954,1355
17481,-18032,2496,-10220,-3364,-4609,20
17503,-15400,1536,-5640,353,-72,306
17525,-14360,792,-100,779,2620,1033
17547,-14256,1136,3328,-555,2526,1192
17569,-15680,3144,-176,-4792,934,1447
17591,-16204,3544,3260,-6199,-1453,-817
17613,-15824,748,4460,726,-1992,-2680
17635,-15388,3976,4636,4838,-2719,-182
17657,-14316,5496,4276,2113,-2253,2554
17679,-13428,3592,6148,-4121,-1483,-654
17701,-14764,2708,-3028,-6297,754,-2123
17723,-13948,3212,-3108,-7737,2300,-2134
17745,-17832,-1912,-3704,-4041,371,-2527
17767,-17304,912,-8988,-8220,80,4163
17789,-13164,2424,2004,-7536,-4238,1789
17811,-15728,-5168,-5264,-1807,-2363,-2236
17833,-15492,-2940,-8340,3957,1057,-1352
17855,-21292,8376,8460,-172,1122,1163
17877,-19144,8780,-2744,5679,3026,2473
17899,-23572,340,804,1861,3982,-1393
17921,-13780,1176,-132,2776,6043,-173
17943,-16952,772,-140,1170,5808,927
17965,-17500,1256,-796,1300,5531,1683
17987,-17412,2680,-852,784,4086,1711
18009,-16128,3440,-824,1215,3174,946
18031,-16392,3300,-1280,1352,2918,562
18053,-16276,3756,-1240,1645,2653,634
18075,-17024,3392,-1260,801,1420,-208
18097,-16068,3496,-1084,882,-37,-920
18119,-15956,2212,-232,377,-34,-810
18141,-15688,3160,-696,1389,967,-374
18163,-16180,3916,-1316,361,897,-737
18185,-15488,3252,-900,-1415,1689,-1390
18207,-15544,3276,-984,-586,2845,-1424
18229,-16528,3136,-1760,-441,3344,-1520
18251,-16496,2500,-1632,-1087,3161,-1875
18273,-16392,1484,-1496,-1532,3567,-1207
18295,-15936,2648,-1484,-2040,4734,-353
18317,-15816,2896,-2240,-3499,5775,-527
18339,-16036,2960,-2640,-5439,6722,-992
18361,-16752,2388,-2560,-6583,7188,-1999
18383,-17684,1584,-2672,-6161,7502,-2721
18405,-20576,2972,2172,-43,3199,-1937
18427,-15360,1152,-3688,5190,-2431,-3522
18449,-15880,5560,-2264,3942,7246,-2805
18471,-18964,4776,-440,2335,11601,-1897
18493,-22632,2100,-244,4782,12763,-1233
18515,-20972,2448,-348,6913,12147,262
18537,-17196,5164,11692,7407,7324,567
18559,-12384,2556,14856,6396,-1245,-41
18581,-11756,2196,11008,8442,-8012,1743
18603,-14368,4660,5500,5650,-12239,3758
18625,-16572,1368,-2016,-1912,-14110,4456
18647,-18592,4736,-10900,-7910,-13054,4785
18669,-20084,2216,-12680,-9514,-11761,1737
18691,-16568,140,-11376,-5085,-8716,742
18713,-14564,1440,-3772,-360,-6887,804
18735,-14364,1684,932,165,-7659,1350
18757,-15020,4520,-276,-9548,-8117,2296
18779,-17772,5576,-3244,-12927,-10609,2234
18801,-18648,3116,-9960,-10086,-10691,285
18823,-18156,-216,-12120,-7367,-7910,-2517
18845,-16956,2504,-9828,3745,-2941,2339
18867,-16916,1172,-6580,5234,-436,1044
18889,-16024,1920,-660,5485,2140,1688
18911,-15404,1940,1316,1217,554,735
18933,-16652,3828,4484,-894,-3934,897
18955,-16404,2180,4844,-1084,-6250,-1014
18977,-16880,2964,3228,-512,-5130,152
18999,-16256,4676,5620,-622,-4170,1016
19021,-15736,1588,3676,-822,-5720,1510
19043,-14392,2984,-2444,-629,-6687,4258
19065,-13284,-396,1076,-2800,-7494,1090
19087,-13208,-1380,-1792,1124,-5390,455
19109,-13484,-560,-10116,1757,-1853,-38
19131,-13260,1568,-10620,-4019,2980,956
19153,-16356,3888,-7028,-8035,6985,-938
19175,-14976,9532,14176,-6517,2966,-1462
19197,-13448,2656,6384,-4940,5007,-4279
19219,-20852,15076,-18764,1863,15617,117
19241,-29068,-2796,-1416,2353,3103,-8044
19263,-14076,-6664,3348,2183,4143,-3411
19285,-15136,1356,80,3370,3949,3417
19307,-15488,3492,-296,-1040,4802,3025
19329,-14964,6352,-1436,-2092,4857,1164
19351,-16836,2660,-1208,-1280,4438,32
19373,-16640,2480,-964,3148,3639,480
19395,-16344,2752,-1140,1156,4230,607
19417,-16724,3716,-1592,-785,3788,95
19439,-16184,3468,-1620,-2754,2840,-951
19461,-15976,2972,-1192,-2899,3213,-1239
19483,-16132,2772,-1536,-443,2705,-983
19505,-15640,3000,-1820,-495,2901,-920
19527,-16248,3248,-1972,-1173,3216,-1007
19549,-16076,3052,-1964,-1807,3241,-1035
19571,-16116,3016,-2824,-1916,3387,-1338
19593,-16596,1896,-2584,-1252,2837,-1215
19615,-16452,1680,-2356,-829,2635,-716
19637,-16260,1636,-2192,-527,3052,-290
19659,-15448,2964,-2256,-540,4768,-202
19681,-16564,2688,-1792,-2092,6460,-1082
19703,-18916,3316,1120,54,3432,-1341
19725,-19624,1100,808,7169,-3207,-177
19747,-14664,4164,-4824,11561,5301,-1678
19769,-21104,4444,-1756,7001,10202,-948
19791,-21660,4164,-792,5274,11914,-621
19813,-19232,4160,-404,3415,12343,-339
19835,-15996,7188,13500,2142,7437,909
19857,-12100,3208,15124,450,-631,12
19879,-12540,1420,14836,4786,-7418,808
19901,-15296,2224,9992,7287,-12702,1408
19923,-17296,4812,5224,4773,-15954,1853
19945,-19936,6420,-728,-5216,-17267,2714
19967,-19436,3216,-5256,-13843,-16370,2485
19989,-19676,1840,-13944,-8249,-14814,2819
20011,-19196,5068,-18916,-7498,-13496,3761
20033,-16796,872,-10692,-7452,-11702,-676
20055,-15124,-1784,-9056,-1279,-8528,-914
20077,-14876,1156,-7136,633,-6843,61
20099,-17164,160,-8376,1534,-6166,-132
20121,-16824,5572,-8768,-307,-3383,3230
20143,-17400,2684,-5576,-983,-2315,-1730
20165,-15704,-2820,3396,3625,-1753,-3310
20187,-13928,272,-204,8286,-693,129
20209,-14192,3488,2828,1947,-155,3317
20231,-17788,3700,-3056,1274,-1678,3266
20253,-16964,4828,2472,773,-5097,-323
20275,-16588,-2468,8608,8088,-6958,-6366
20297,-14264,2572,5792,13003,-4016,-872
20319,-14352,6332,3040,2527,-2889,5741
20341,-15264,1952,2696,-11538,-1583,3052
20363,-18752,8124,-6020,-19063,-1263,4594
20385,-14744,-1492,-2096,-12547,-3901,-4519
20407,-13256,216,-6404,-2757,-1074,-2127
20429,-12232,1692,-5488,-956,1850,-1006
20451,-14132,-1312,-4532,-1837,3609,-2114
20473,-17548,-144,-6732,-785,3643,1033
20495,-14828,3072,1224,3060,265,908
20517,-21652,5860,16376,198,-2763,-959
20539,-21844,13308,-5840,-445,3166,3028
20561,-26060,-3756,1248,-3621,1549,-2139
20583,-12284,-1604,3116,-276,4092,-1092
20605,-15696,344,2540,501,5560,1321
20627,-17220,2656,28,2595,6158,2640
20649,-15648,4988,236,1304,5158,2102
20671,-15328,4392,28,-381,4108,473
20693,-16876,1632,88,-190,3933,307
20715,-17556,1900,-520,1449,3668,1131
20737,-17132,2940,-748,1194,2820,1059
20759,-16472,3160,-780,-2,1989,415
20781,-15948,3244,-428,-108,1770,194
20803,-15776,3388,-836,197,1646,-108
20825,-16184,3160,-832,234,1469,-587
20847,-16172,2952,-604,419,1327,-521
20869,-15860,2736,-456,1016,1066,-147
20891,-16100,2792,-416,957,1831,11
20913,-16240,3732,-748,-868,1893,-932
20935,-15908,3472,-824,-86,3246,-675
20957,-16468,2356,-1116,-2230,3064,-1734
20979,-16368,2580,-1756,-1350,3548,-1342
21001,-15984,2444,-1896,-1088,3516,-1115
21023,-16168,2300,-1852,-1597,3927,-1079
21045,-17648,1380,-1468,-2838,5014,-1369
21067,-19580,464,940,-509,3148,-1664
21089,-17788,-108,-872,944,-1418,-2959
21111,-15272,5784,-608,4715,9092,-988
21133,-21676,7136,2792,5428,11719,208
21155,-22240,6632,3880,5857,12500,239
21177,-18740,4032,9072,6070,7684,786
21199,-12784,4136,14808,3062,831,721
21221,-9456,712,14668,-724,-7665,464
21243,-12848,2788,7844,655,-13228,1237
21265,-17232,3752,-1284,-2133,-14709,1373
21287,-21372,4504,-11180,-6981,-12955,371
21309,-19144,6020,-19220,-8885,-7757,2500
21331,-16264,5208,-9956,-12331,-6088,-72
21353,-15060,488,-5296,-6505,-4642,-1485
21375,-13752,2492,-1732,362,-5278,1319
21397,-14236,4244,-1348,-459,-5568,-732
21419,-17088,-1196,-6072,4174,-6873,-3268
21441,-17740,4768,-9704,4124,-4561,1548
21463,-15904,4336,-204,1115,-4271,-235
21485,-15500,572,-488,5016,-2622,1594
21507,-15828,2908,384,5497,-2753,2861
21529,-15532,1796,1700,2105,-3456,1523
21551,-15708,2160,136,537,-2928,1774
21573,-15244,3092,1364,-3546,-3335,1741
21595,-14692,2408,2108,-5639,-4584,2191
21617,-14392,3804,-40,-7234,-4759,2209
21639,-14644,88,-2840,-8433,-3525,-629
21661,-16636,-1176,-10188,-3052,-1233,-984
21683,-16252,1408,-7528,747,-239,613
21705,-14184,-1300,-5292,1643,1124,-2208
21727,-14576,-2552,-6288,-274,4629,-2421
21749,-15648,-740,2372,-7087,7266,-866
21771,-25376,23168,16032,-3932,5966,5610
21793,-11092,3496,-14428,2791,9272,-4526
21815,-20744,-1092,1976,-3675,3608,-938
21837,-13688,768,-48,-2064,5303,-1886
21859,-18376,-2608,1376,2572,3640,343
21881,-16404,1500,-1476,4840,3550,2166
21903,-15680,5348,-1936,312,3047,1817
21925,-15232,3896,-808,-2855,2643,762
21947,-16608,2492,-1240,-2045,2941,609
21969,-17412,1612,-1504,235,2433,923
21991,-16560,2700,-1228,125,2463,917
22013,-16328,4340,-1556,-835,2269,335
22035,-17188,4444,-416,512,-182,-626
22057,-14548,3208,-2340,2883,-2776,-1364
22079,-15264,3156,-1828,1328,-15,-1353
22101,-15732,3064,-1012,19,1442,-1351
22123,-15456,3140,-1384,-1692,2683,-1815
22145,-15772,3128,-1924,-2085,3375,-1831
22167,-15996,2676,-1772,-2604,3989,-2146
22189,-16604,1600,-1912,-2598,4492,-1852
22211,-15984,2212,-1932,-1898,5350,-1314
22233,-16284,1712,-2380,-2710,5897,-1088
22255,-16820,1192,-2540,-2930,6426,-774
22277,-18176,1540,-2152,-3051,7356,-1032
22299,-21352,1916,1456,4030,-3115,-248
22321,-10592,1932,-5052,8839,964,-2091
22343,-19364,3824,-1632,4435,8037,-1868
22365,-21256,3668,-788,7228,10608,-1339
22387,-20008,4748,2312,6458,11204,-654
22409,-15344,1632,6476,802,6734,634
22431,-9916,5492,17252,-2388,-2137,288
22453,-13160,2688,11864,-4449,-10592,-492
22475,-16564,4576,4644,-1249,-14795,1239
22497,-20572,6120,-4952,-3110,-12464,1810
22519,-20184,6396,-14456,-7130,-9459,2872
22541,-16840,2568,-13444,-6314,-4992,849
22563,-17372,1016,-14160,-981,-371,407
22585,-16604,1440,-10608,3842,3823,1478
22607,-14836,1268,4184,2492,3723,718
22629,-11916,460,11424,438,-3099,-213
22651,-14012,448,8296,2826,-9546,683
22673,-17192,1816,-12,2435,-11984,1745
22695,-19996,4220,-6108,-1614,-9517,1600
22717,-18948,5972,-6892,-6289,-6073,1097
22739,-15708,964,-2224,-5146,-4085,-743
22761,-14484,-592,76,-4411,-2865,-1095
22783,-16516,532,-1944,-346,-2986,-638
22805,-16520,1716,-1172,-180,-3497,636
22827,-15260,268,2952,1237,-5771,-312
22849,-16132,648,788,4256,-6195,1843
22871,-16332,2748,-1592,384,-5178,1730
22893,-16120,1696,-2112,-11107,-4484,-731
22915,-16192,2196,-10844,-5109,-2614,744
22937,-12912,-616,-8096,332,-4905,-366
22959,-11384,-3908,-13176,5987,-1512,-1702
22981,-17168,216,-12748,2587,3848,-1282
23003,-20964,30472,9636,12276,6141,6621
23025,-18352,-7144,-20520,2838,8030,-7003
23047,-18852,-2104,3592,2393,1587,345
23069,-15728,1308,540,3069,4800,1602
23091,-17612,816,-456,-171,4691,3021
23113,-16004,3828,-448,308,3942,2723
23135,-15964,5556,-2052,227,1417,709
23157,-16100,3056,-1252,-310,766,-183
23179,-16876,3180,-1672,716,481,315
23201,-16184,3748,-1368,351,-704,-335
23223,-16092,3236,-712,-339,-1944,-1045
23245,-15984,2236,-176,-934,-1820,-964
23267,-16092,1748,-96,-202,-382,-511
23289,-15932,3216,-232,961,774,254
23311,-15828,3692,-236,135,1072,-45
23333,-16872,2976,-52,-4833,-2782,-1184
23355,-16464,2248,356,-2249,-2058,-1001
23377,-15368,2472,-1296,-2605,-950,-1961
23399,-14908,3712,1056,46,2368,-2060
23421,-15720,2400,-232,164,4519,-1402
23443,-16180,2312,256,-105,6354,-524
23465,-16972,2068,-1920,-252,7460,-315
23487,-17864,668,-1516,-1890,8502,-241
23509,-17788,4768,1144,-1322,9961,1190
23531,-19252,5756,1560,806,9464,852
23553,-22296,6736,5440,357,8100,-495
23575,-18816,4388,11504,-142,6263,-2695
23597,-13232,3872,15044,310,1044,-950
23619,-11360,3192,13060,895,-6578,1197
23641,-15060,1804,5840,-5910,-12181,35
23663,-18828,-80,-6380,-606,-15393,1658
23685,-19260,2384,-12528,822,-12545,1955
23707,-17648,2912,-13856,-1221,-6681,1361
23729,-17724,2044,-19216,-123,-2832,371
23751,-17896,4028,-3672,-2371,-3962,2618
23773,-12192,428,7956,-1331,-7187,-118
23795,-13428,-968,5204,2087,-9212,-1174
23817,-15428,2452,-1996,1071,-8218,2640
23839,-17876,3536,-5880,-4178,-5377,2758
23861,-17060,2320,-2916,-4681,-3273,-1447
23883,-14628,848,132,3443,-1002,-2765
23905,-14196,3188,-524,6511,1445,-1261
23927,-13136,3128,2240,3709,3610,581
23949,-17764,2096,-5188,3568,1482,-124
23971,-17524,8800,2164,-2977,167,1139
23993,-14540,2272,6276,-1259,-2851,-3766
24015,-14644,6060,4792,1553,-3407,1864
24037,-14144,4116,3824,-3140,-3606,1016
24059,-17128,3844,-3552,-3204,-4588,2887
24081,-14124,-92,-2408,-2937,-4202,-1796
24103,-13720,3032,-1276,-4254,-1162,153
24125,-12048,3388,92,-9207,1940,-753
24147,-11912,-2004,-1600,-17476,3532,-3042
24169,-15324,436,-9756,-14230,4917,-1039
24191,-15496,-3640,-9060,-502,3500,-3168
24213,-16352,-9152,-5608,5253,3000,-2760
24235,-21644,25820,22100,3217,-2188,8804
24257,-21900,-492,-32768,14340,11844,-4451
24279,-14908,-808,6124,1342,-897,1742
24301,-15024,4696,976,427,6283,962
24323,-16024,1908,-532,-1490,5647,1026
24345,-16728,984,-980,-97,4994,998
24367,-17368,1760,-1256,-221,3962,893
24389,-17204,1548,-116,1435,2624,1454
24411,-16428,3568,-828,3124,2416,1585
24433,-15608,4808,-1508,1492,2976,732
24455,-15332,4468,-1348,-887,3309,-494
24477,-15760,3536,-1304,-1989,3197,-1231
24499,-16224,2908,-2000,-2305,2996,-1522
24521,-16460,2136,-2012,-2650,2787,-1400
24543,-16280,2556,-1892,-2690,2778,-1159
24565,-16148,3056,-1860,-3071,2595,-1256
24587,-16492,3400,-2352,-3298,2368,-1871
24609,-16636,2256,-2464,-2610,1752,-1945
24631,-16352,1984,-1756,-1913,1672,-1456
24653,-15964,1032,-1464,-1618,2907,-905
24675,-15220,2580,-1388,-1348,5444,-424
24697,-15508,2648,-1164,-2348,8616,-1099
24719,-15904,2572,-696,-2665,12449,-1666
24741,-24032,1204,2488,-412,9006,-1134
24763,-26996,-3216,424,16827,-10450,2140
24785,-17964,8484,-4168,11628,9466,-234
24807,-20260,5024,-1860,6593,10509,-1230
24829,-16664,4980,-3652,4485,10484,-860
24851,-14464,7440,8128,5081,6744,-511
24873,-10404,4324,11448,4588,-628,-470
24895,-11096,3236,9860,3503,-7430,1290
24917,-14524,4680,3216,346,-11656,4302
24939,-17252,2288,-3336,-5535,-13879,4266
24961,-19164,920,-8164,-6622,-13026,2083
24983,-18336,1544,-9316,-3584,-9420,-703
25005,-16656,-108,-8340,2378,-7536,-500
25027,-17608,1548,-1752,9562,-10538,841
25049,-17300,-1476,-8056,12442,-12534,2537
25071,-17132,1888,-9376,4047,-9336,4203
25093,-17188,1500,-7488,-3565,-3677,1867
25115,-13812,808,3776,-11849,-3936,2174
25137,-14956,1244,3244,-14652,-7797,-420
25159,-18380,2112,-6144,-7699,-9875,-716
25181,-19280,2740,-14944,-1736,-7479,1064
25203,-16680,5032,-10724,-729,-2217,1947
25225,-17032,3056,-6156,-254,3169,-9
25247,-14120,-284,7716,2903,732,-1360
25269,-13024,616,9000,9345,-4201,-524
25291,-14700,4940,4900,8166,-4877,1780
25313,-14924,3720,3940,2323,-3256,2685
25335,-14988,4056,408,-47,-3007,3177
25357,-15000,4616,2716,-4890,-2060,852
25379,-15020,1780,4664,-8097,-1412,-3927
25401,-15108,1532,7180,-7143,-1895,-2793
25423,-15428,4084,-3184,-16958,141,-2612
25445,-18864,1036,-14188,-1425,-3725,724
25467,-14512,720,-3920,-7103,-4630,1539
25489,-13248,1172,-5444,-2646,-1464,1927
25511,-13708,-700,-4204,-699,542,1506
25533,-13724,-1192,-4980,-9153,4871,713
25555,-17500,6492,10752,-10991,1550,3157
25577,-12356,1336,10964,-2545,2927,-3492
25599,-22372,19084,-11064,11680,10575,3313
25621,-20944,-700,-2864,-4023,4731,-4620
25643,-17524,-7068,-1256,2925,5756,-1273
25665,-16812,-344,-532,4013,5359,2842
25687,-16360,2808,48,2446,5009,3436
25709,-16012,5036,-1012,538,4121,2250
25731,-16568,3960,-1740,-1214,3601,433
25753,-16616,2856,-880,-1801,2627,115
25775,-16412,2380,-328,-1397,2096,-76
25797,-16276,3324,-1192,-2342,1284,-150
25819,-16472,2700,-988,-939,-2146,-1159
25841,-15168,3548,-12,1282,504,-986
25863,-15356,3192,-1084,1469,2533,-859
25885,-15980,3168,-1404,825,3172,-855
25907,-16496,2320,-1716,-1027,3525,-958
25929,-16084,2904,-1512,-2077,3918,-819
25951,-16232,2636,-2004,-2791,4113,-1284
25973,-16640,1388,-1768,-2174,2986,-1262
25995,-16092,1836,-1748,-1174,3707,-795
26017,-15476,2716,-1808,-311,5130,-588
26039,-16028,2848,-1616,-977,7385,-993
26061,-16520,2452,-828,-2046,10337,-1360
26083,-17424,896,-2040,-1995,13074,-1105
26105,-31652,1900,8880,-5351,-2627,-939
26127,-20040,344,-5848,25105,2233,1565
26149,-20348,8812,-924,15341,10485,1407
26171,-19164,7420,2956,6702,11945,-93
26193,-14672,4872,20656,3076,5336,-799
26215,-4664,1928,23572,476,-7986,-85
26237,-10004,-1676,20296,5954,-19989,79
26259,-17432,5688,7240,11299,-25999,5190
26281,-25120,2776,-9024,72,-25450,6590
26303,-29096,6176,-26508,-10224,-16544,4746
26325,-17664,2116,-23696,-20018,-9406,566
26347,-16212,-688,-20052,-11263,-278,-3162
26369,-15060,-1164,-9124,525,2299,-1126
26391,-13404,524,3216,6922,939,-1033
26413,-14960,-980,4936,6882,-3743,-1853
26435,-14680,5120,2108,2093,-7051,1699
26457,-16184,3236,3184,-2799,-10300,-872
26479,-18168,2224,-892,-443,-10323,431
26501,-17672,4420,-5696,-593,-7622,1325
26523,-17028,1592,-7204,995,-4107,372
26545,-14652,1464,-728,686,-1875,1068
26567,-14584,2792,2400,-368,-2029,458
26589,-15808,2308,2536,941,-4564,-440
26611,-17392,728,-2544,-202,-6081,2764
26633,-15152,7496,-4436,-2927,-3762,4392
26655,-15172,-80,-3192,-2758,-76,-1656
26677,-13520,-240,7124,3772,2538,-1826
26699,-15208,2460,2560,9218,525,1237
26721,-14972,1992,1332,2019,-2140,890
26743,-15764,2100,-2536,-440,-2226,2420
26765,-14292,-3160,-10768,-3027,1850,-1892
26787,-16512,1604,5616,-2083,2514,-759
26809,-15208,6144,9356,-9217,3485,-712
26831,-18316,1628,-468,-4921,5794,-1343
26853,-14884,4412,944,-1857,7398,-184
26875,-12396,8624,-4028,-6185,10084,-823
26897,-19872,1868,-7204,-3609,7420,-2666
26919,-17500,-1380,-164,509,5593,-878
26941,-16496,1864,-2672,2797,5120,821
26963,-17956,580,-588,3510,4386,2027
26985,-16304,2592,-584,3617,4027,2253
27007,-16228,3352,-1760,2754,3674,1105
27029,-16228,2956,-1720,2275,3042,827
27051,-16568,2908,-1288,425,2473,346
27073,-16080,3384,-1208,-540,2711,295
27095,-15928,3748,-1920,-1730,2553,-412
27117,-15944,3672,-1644,-2789,2439,-1063
27139,-15564,3180,-1608,-2149,2827,-1365
27161,-16152,3372,-1316,-1663,2672,-1276
27183,-16756,2236,-2040,-2030,2886,-1653
27205,-15956,3008,-2012,-2385,2910,-2087
27227,-16352,1716,-1672,-2124,3259,-1832
27249,-16384,2052,-2080,-801,4131,-1230
27271,-16340,2260,-2396,-579,4306,-948
27293,-16240,2628,-2952,-589,4540,-1105
27315,-16096,1888,-3048,-870,4885,-1130
27337,-17932,1560,-2104,-1051,6038,-1521
27359,-17812,2224,-352,-961,7267,-1978
27381,-17624,-1324,-3084,9987,-4677,-1102
27403,-16836,6248,-5544,13486,8870,-1455
27425,-23160,6052,-1092,7630,12831,-819
27447,-21220,5760,-1224,1602,14812,-835
27469,-14308,4128,5048,-7106,11664,-44
27491,-4460,1852,19060,-21872,-1725,-297
27513,-9808,-1808,11312,-10276,-13234,-1111
27535,-17668,3332,-1232,-1579,-17852,-674
27557,-20236,7096,-9416,-605,-14918,-1058
27579,-22688,9680,-16232,-2082,-7641,1616
27601,-16300,5740,-7168,-1664,-570,2564
27623,-12952,-964,7596,-5996,-4699,-272
27645,-14088,-2044,-1660,197,-11754,908
27667,-17188,4680,-2196,-622,-14391,2860
27689,-18168,56,-12824,1631,-10501,-1307
27711,-16480,4752,-17940,2964,-1937,2936
27733,-17964,1776,-18968,2904,5724,407
27755,-20280,-116,-11908,5528,7637,1681
27777,-15540,5164,8184,-3,4383,5968
27799,-12964,-896,16132,3597,-1285,-895
27821,-12208,1064,17292,5826,-8186,-1080
27843,-14092,5036,9656,4587,-12425,2427
27865,-17700,5900,1632,-1510,-11475,3990
27887,-19232,4812,-3944,-5134,-8962,1883
27909,-16900,3164,-4064,-5508,-5663,502
27931,-15016,1396,-4044,-6146,-1300,-2089
27953,-14964,-164,-8632,-3978,215,-571
27975,-13116,-8,-2464,-5789,-680,-1383
27997,-12708,-1888,-2136,-4883,-1759,-3633
28019,-14028,512,-3680,-1470,-1881,-3176
28041,-14020,-172,-8000,-1069,654,-3281
28063,-15580,-2392,-17096,1330,6025,-467
28085,-32768,21252,-7484,-5334,3017,10017
28107,-14168,8736,5344,6559,-1187,-5610
28129,-20324,-4960,-1412,-5430,3115,-4746
28151,-15500,-1136,-2264,-1178,4947,-566
28173,-17376,-936,-488,-3827,4400,1796
28195,-16276,2540,-1584,-4029,3127,1218
28217,-16104,3496,-976,-3943,2344,1221
28239,-17312,1712,-324,2671,-1836,862
28261,-15352,3348,-304,1581,170,975
28283,-15604,3744,-20,-153,1772,115
28305,-14964,4004,224,-1780,3625,-838
28327,-15872,2940,-812,-2834,5433,-1339
28349,-16372,2404,-1640,-2534,5840,-1578
28371,-16332,2172,-2284,-2366,5148,-1568
28393,-15716,2636,-2264,-2366,4468,-1680
28415,-16736,2192,-2288,-2344,3450,-1720
28437,-16372,2900,-2312,-2210,2910,-1974
28459,-16828,1192,-2348,-2259,1769,-2189
28481,-16904,764,-2028,-1062,2196,-1381
28503,-16496,1592,-2324,808,834,-523
28525,-16172,768,-2020,-551,2165,-482
28547,-19184,436,-1096,1031,404,-2
28569,-17540,1792,-236,6366,-2526,-856
28591,-14340,3520,-908,4288,5717,-1968
28613,-17636,4212,-1232,4220,11085,-1737
28635,-20720,2788,-1432,7064,13247,-838
28657,-21292,2340,-1940,4704,12871,-821
28679,-19644,692,-3760,2830,12106,-559
28701,-16288,3984,1004,3041,11045,-578
28723,-10492,3800,13116,-278,4453,-948
28745,-10868,1780,13164,1466,-4066,-687
28767,-13900,3192,8136,3631,-10099,1492
28789,-17048,3160,3084,996,-13810,2183
28811,-20592,3704,-2664,120,-15937,3534
28833,-21620,5188,-5084,-2955,-15437,3125
28855,-18052,6140,-5200,-5230,-12673,1718
28877,-16972,3756,-292,-5472,-12070,1928
28899,-16336,2528,1268,-1859,-13784,2949
28921,-16472,344,-6152,-1991,-13683,3056
28943,-18456,1616,-10224,-3124,-12339,3432
28965,-17592,-1692,-9936,-984,-10131,-99
28987,-16288,-312,-9880,3383,-6427,1053
29009,-16208,460,-2968,4456,-4728,1073
29031,-14952,360,4408,4042,-5743,544
29053,-15808,2384,4824,-1726,-6405,-661
29075,-18088,5008,-9952,-1838,-6413,3799
29097,-15444,4752,-3828,-6626,-6935,2284
29119,-16548,280,-9056,-4955,-2425,258
29141,-16264,3472,-2912,-2147,1382,912
29163,-15816,3432,3836,-538,832,845
29185,-14108,1768,7084,105,-3683,2295
29207,-14500,1364,5868,-1819,-6993,1811
29229,-15664,-196,-2456,-1510,-5084,1348
29251,-15776,828,-7532,-1718,44,887
29273,-15460,-340,-4516,-2067,4920,-1338
29295,-16216,1640,660,1503,4873,-791
29317,-14584,1040,2684,1634,4120,-865
29339,-15220,3788,4660,621,4203,361
29361,-14992,3572,6092,-1018,3075,-414
29383,-15516,3292,6092,320,2900,-52
29405,-12240,-1084,9824,-2673,4043,-3151
29427,-12616,896,5164,-2652,6412,-915
29449,-10252,32767,-32768,16241,23936,6866
29471,-32768,-2584,1116,-11540,-2464,-9926
29493,-9516,-380,-832,-3161,5778,-5044
29515,-15668,-728,-1348,2142,3809,327
29537,-17308,24,-616,1223,4274,3194
29559,-16488,4412,-836,1009,3578,2261
29581,-15992,4704,-2452,257,2205,701
29603,-16616,2576,-1452,480,1445,157
29625,-16760,2012,-376,815,246,-77
29647,-17008,3292,-632,-1103,-441,-1020
29669,-15836,4708,-1180,-452,-251,-850
29691,-15504,3456,-664,-1591,377,-1353
29713,-15308,3236,-376,-951,1469,-1050
29735,-15976,2820,-1244,186,1676,-483
29757,-15892,2828,-1336,-712,930,-918
29779,-16492,1768,-1012,-2499,622,-1558
29801,-16272,2276,-988,-1299,1672,-638
29823,-16700,2088,-892,-976,2351,-372
29845,-16028,1876,-1044,-495,3417,-127
29867,-15496,2660,-1116,37,5038,344
29889,-15072,3888,-1412,453,7322,547
29911,-15596,3812,-832,-2013,10415,20
29933,-16392,3272,-484,-3898,13941,-735
29955,-18408,1908,-2460,-3213,16167,-747
29977,-22500,1724,-2460,-2715,14368,-611
29999,-31836,1428,5440,5834,-3668,-410
30021,-17852,4076,-6000,22373,5956,-672
30043,-19816,5124,-672,9053,11182,-1508
30065,-15736,4004,-2952,4079,12639,-2349
30087,-13360,5524,10716,-96,6791,276
30109,-5324,3384,20528,483,-6765,-465
30131,-11940,2668,13588,4187,-16571,2211
30153,-16344,4964,4976,-366,-22215,5455
30175,-19232,3924,-3016,-5366,-23613,4759
30197,-23940,3068,-10936,-5324,-21891,2392
30219,-21608,2972,-15532,-5172,-18447,753
30241,-17404,5236,-11748,-2859,-14055,1381
30263,-17308,2548,-7656,-2288,-11572,2708
30285,-16740,2208,-9640,-1212,-10591,3543
30307,-14908,-496,-6600,-2604,-6857,1257
30329,-16032,-480,-7920,-345,-3236,939
30351,-16676,380,-8080,1807,-719,1578
30373,-15456,2300,1292,271,459,884
30395,-13880,4308,5884,-551,-1804,2462
30417,-14052,3392,5076,-2951,-4233,1420
30439,-14212,1860,1408,-3814,-4697,1267
30461,-15624,2124,-4140,-4630,-2594,448
30483,-15092,3444,-7108,-6192,893,777
30505,-14748,-32,-11464,-5444,2707,-757
30527,-13748,424,-5812,-2841,4571,-269
30549,-12072,568,6976,-1357,2399,-1833
30571,-16728,11664,14908,7205,1892,-2141
30593,-12424,1944,10424,697,5693,-5308
30615,-12676,1100,4612,-1787,2499,-1950
30637,-22132,24420,-29928,18930,16710,13618
30659,-32768,12152,15100,-1056,-15060,-7348
30681,-13480,-3940,-1304,-5310,4352,-4855
30703,-14552,452,-508,2162,5458,1908
30725,-17380,3164,-776,2812,5838,4546
30747,-14700,6664,-1532,1881,5100,2186
30769,-16064,4968,-2032,3192,2289,-9
30791,-16444,2376,-2492,4971,1951,416
30813,-17048,2184,-1796,4418,728,728
30835,-16776,2260,-1692,4711,4,604
30857,-16276,3336,-964,2657,30,304
30879,-15648,3584,-1016,1273,506,-125
30901,-15296,3308,-1420,2171,965,-87
30923,-15568,4020,-1312,2781,1314,-11
30945,-15992,4040,-1504,1690,1175,-74
30967,-15596,3912,-2052,-149,837,-626
30989,-16204,2792,-2388,-724,420,-889
31011,-16316,3688,-1856,-1242,267,-1243
31033,-15988,2364,-1336,-811,1024,-684
31055,-15868,3120,-1692,-610,1935,-348
31077,-15352,3756,-1536,-1131,2983,-461
31099,-15212,4140,-2136,-2006,4067,-739
31121,-15744,3160,-2488,-3113,4870,-1197
31143,-16072,2380,-2852,-3892,5666,-1403
31165,-17072,2068,-2328,-4736,7072,-1654
31187,-19748,500,-84,-3260,6234,-2182
31209,-19012,-124,-1372,-2050,1912,-3577
31231,-19204,5692,-1000,1542,9328,-132
31253,-20976,3304,-804,7741,9490,333
31275,-20320,4080,-1300,3978,11155,-42
31297,-16844,3072,-2452,1432,11362,-657
31319,-13508,6824,13012,-1316,5091,490
31341,-9136,3048,15048,-3960,-4308,-1295
31363,-12896,5420,9484,364,-12154,1155
31385,-17688,3740,128,950,-16834,2049
31407,-18648,3364,-11276,3811,-16735,3265
31429,-20128,5584,-16784,1504,-12930,2748
31451,-17456,1568,-15772,4118,-7184,52
31473,-15948,2060,-7268,3524,-1802,-135
31495,-13032,2336,284,-1366,-78,1499
31517,-15048,1952,1260,281,-2731,1750
31539,-17332,2540,2712,-1439,-7019,177
31561,-16456,-1332,3324,188,-9760,-3879
31583,-13892,1616,-1604,603,-7587,-362
31605,-15520,3592,-6460,-5263,-2678,3285
31627,-20600,3508,-17992,-7762,-1412,4200
31649,-17876,3648,-9476,-11262,-3267,-2268
31671,-14260,-3660,-1588,1028,-2995,-8059
31693,-13904,2692,2744,7967,-1951,-1096
31715,-14164,5544,1312,1065,-1709,1482
31737,-16568,2372,1576,-7621,-2457,3507
31759,-16404,7484,1668,-11880,-4003,2514
31781,-15676,3172,1716,-7437,-7172,-1454
31803,-14336,2348,1568,546,-7284,642
31825,-14140,1908,12,2175,-7535,1660
31847,-14272,2592,-480,3325,-7088,3678
31869,-15328,2652,-5464,-3616,-4724,-242
31891,-16096,-640,-7832,-4515,-2103,-2545
31913,-13196,-1688,-8956,-3206,2541,-2494
31935,-12508,-3160,-10672,-3598,8952,-3716
31957,-18672,-2344,-12796,-10883,15037,1029
31979,-10940,11568,24884,759,-3828,3468
32001,-27268,-252,-21788,10450,7630,-31
32023,-16236,1728,4492,5345,-295,1852
32045,-14496,3768,80,2243,3367,-19
32067,-16648,2020,-1148,395,3011,603
32089,-16784,3740,-1304,-473,2386,793
32111,-16876,2040,-816,-923,382,-138
32133,-16008,2836,-416,-551,1039,518
32155,-16432,2528,-208,928,1940,722
32177,-15552,4024,-420,2270,2764,425
32199,-15916,4040,-640,1377,2945,-682
32221,-15568,3668,-1144,780,3168,-1301
32243,-16124,3048,-1676,770,3070,-1513
32265,-15788,3504,-1320,166,2902,-1622
32287,-16228,2744,-1792,-886,2763,-1831
32309,-16200,2616,-2064,-1635,2678,-1958
32331,-16064,2080,-1848,-2391,2857,-1990
32353,-16792,1132,-1768,-2285,4015,-1339
32375,-15936,2232,-1500,-2207,5846,-596
32397,-15264,2244,-1468,-4228,8458,-730
32419,-15184,2012,-1448,-6190,12634,-1256
32441,-17336,2220,-900,-7230,17228,-2397
32463,-25820,3120,2764,-4044,13228,-2243
32485,-26672,-1304,-2972,18427,-708,1073
32507,-22636,5812,-2716,17287,10886,63
32529,-17644,4596,-1056,7551,12068,-1026
32551,-16740,6804,1764,2459,10037,-2124
32573,-12884,4552,3944,4179,3873,-2038
32595,-10164,2208,1760,4215,-791,-1268
32617,-9024,3264,1160,-54,-3624,891
32639,-9184,3220,4056,-6436,-6588,307
32661,-11528,2752,2944,-10255,-10980,1310
32683,-15548,2560,800,-11822,-15494,2665
32705,-17184,3388,-2492,-13455,-17914,4335
32727,-19388,2460,-7592,-12604,-17237,1987
32749,-21308,1052,-9740,-8934,-14363,-1014
32771,-18900,2820,-9080,-5892,-11657,-729
32793,-17500,4296,-7376,-2999,-7204,-945
32815,-18108,508,-14792,1869,-4107,2284
32837,-16436,3988,-9968,-118,-2289,3885
32859,-15592,-124,-5040,-197,-862,-2486
32881,-14532,-3824,2092,7463,-1017,-4325
32903,-14540,944,5580,10033,-2732,-477
32925,-17320,4860,-1516,8760,-5794,4651
32947,-16788,8112,-1812,-3661,-7198,2443
32969,-17776,-1068,-3044,-4679,-7046,-3962
32991,-14784,3308,-1884,1387,-1606,-246
33013,-15964,2944,-464,-2192,114,2113
33035,-15424,4644,1676,-6547,-767,5588
33057,-15640,5488,4284,-11652,-3531,927
33079,-15232,92,2552,-3222,-5604,-1718
33101,-14420,2800,-796,3499,-5359,1817
33123,-13372,372,-3028,2000,-4209,2379
33145,-12360,-2444,-4140,-2133,-2201,747
33167,-13572,-1936,-7944,-3200,337,-22
33189,-12740,-3228,-7180,-3166,1500,-2566
33211,-14224,-956,-6624,166,3785,-2285
33233,-16448,18684,23340,1131,-345,4673
33255,-26464,15952,-31620,133,11359,2962
33277,-22908,-1728,9940,-9791,150,-1083
33299,-16412,-4356,1960,534,7854,-1752
33321,-18276,-1836,784,-1938,8057,3827
33343,-15928,4236,-572,-1013,7092,3058
33365,-14776,6796,-1796,-851,5671,749
33387,-16512,2844,-2496,2688,2040,-220
33409,-16832,2092,-2120,2753,1421,-69
33431,-16716,2188,-1800,3005,650,342
33453,-16348,4020,-1536,351,760,177
33475,-15700,3696,-1472,-611,1006,-563
33497,-15208,3876,-1216,-802,1907,-832
33519,-15140,2796,-1088,-1394,1963,-839
33541,-15892,3320,-1684,-1464,1938,-327
33563,-15712,2852,-1524,-2071,2440,-826
33585,-15824,4312,-1736,-3175,3937,-1818
33607,-15904,2512,-2212,-2682,4025,-1942
33629,-16556,1456,-2484,-1380,4504,-1444
33651,-16472,1528,-2356,-291,5014,-736
33673,-15868,2460,-2260,24,6367,-315
33695,-16228,3048,-1344,-566,8997,-493
33717,-17924,2820,-2144,-1840,12223,-1363
33739,-27416,2080,2536,-743,1565,-624
33761,-22976,-1864,-2048,20588,-2649,933
33783,-23136,10416,-4972,18418,13357,2622
33805,-20628,4424,500,11221,14721,-1164
33827,-17276,5552,-888,3372,14389,-616
33849,-10888,5628,20568,-3593,5016,228
33871,-3448,1552,24100,-3341,-11363,-1404
33893,-10840,1888,14820,3693,-22341,2457
33915,-18032,5744,3320,2859,-26529,3728
33937,-24724,-4,-12532,-2839,-23205,4295
33959,-27240,6592,-27268,-10086,-13551,3568
33981,-16872,4044,-26268,-14271,-4719,152
34003,-17000,548,-16992,-9776,1639,-2914
34025,-15768,1028,-4580,-5171,3647,-2498
34047,-15428,-2040,1552,767,713,-2867
34069,-13820,-1508,1128,790,-1655,509
34091,-13824,1984,4112,-4493,-5401,858
34113,-16280,2168,2664,-7292,-8818,-340
34135,-18248,6332,1552,-4580,-9572,362
34157,-18724,7396,-92,1891,-8435,1495
34179,-17148,4996,400,6436,-5661,2760
34201,-14528,1976,6292,5455,-6562,2048
34223,-14220,1712,6612,2589,-9514,1147
34245,-17128,4552,-4760,3097,-11193,4762
34267,-16128,6528,-5348,-1881,-10358,1861
34289,-16988,-1416,-7952,408,-6952,-1713
34311,-14840,912,-6476,3857,-2063,1362
34333,-13868,3636,-2920,-735,211,3008
34355,-13140,1452,-648,-6895,-347,1032
34377,-12704,-2236,-2656,-7255,-1080,-2133
34399,-13784,-2612,-6864,-5609,844,-2281
34421,-12700,-3668,-11180,-2591,4622,-2580
34443,-17936,-456,1436,-6087,5052,475
34465,-22760,32336,27516,11368,-218,8063
34487,-15600,1788,-27816,15051,13963,-8171
34509,-16996,-5424,6140,-2126,-550,-3226
34531,-18724,-1684,2072,-1357,5664,-26
34553,-17384,632,0,629,6232,3501
34575,-15540,4972,200,1641,4762,3094
34597,-14912,6696,-1020,-1181,2978,1181
34619,-16768,1976,-588,251,1778,-743
34641,-17168,864,144,6412,1287,386
34663,-16552,2920,-472,6463,1739,1455
34685,-16468,3968,-676,2832,1414,1026
34707,-15240,4620,-448,-734,729,-616
34729,-15084,4224,-372,-389,1489,-1218
34751,-15552,4120,-892,544,1812,-877
34773,-15852,2832,-1140,2128,784,-494
34795,-15560,4332,-1108,1334,837,-375
34817,-15712,3824,-960,-1365,649,-1537
34839,-16528,4044,-992,-2252,1030,-2595
34861,-16156,1624,-304,-1491,2143,-2235
34883,-15812,1672,-72,-344,3635,-1398
34905,-15708,2652,-1028,-84,5535,10
34927,-16224,2672,-944,-1074,6348,292
34949,-16964,3600,-1824,-3080,6714,-660
34971,-17060,2980,-1100,-4412,6808,-2198
34993,-21004,-1488,956,-6696,1116,-4838
35015,-15280,4600,-2396,918,7218,-2672
35037,-19556,6732,1016,4207,10084,-1113
35059,-21708,5468,3416,6814,13143,-146
35081,-21536,4844,824,3564,12841,152
35103,-15976,4800,15600,3620,6856,1042
35125,-11940,4792,17196,-726,-2614,2819
35147,-12320,3580,12752,-1250,-9304,1745
35169,-14076,1504,5304,-3329,-14189,2052
35191,-16816,1408,-3192,-1514,-16555,1155
35213,-18416,2960,-13600,4021,-15734,2642
35235,-19960,4220,-18472,147,-12580,771
35257,-17640,-92,-18248,-2395,-8654,-3579
35279,-15452,484,-17924,3881,-2891,418
35301,-16328,1848,-14340,1903,689,2282
35323,-15312,1852,-7168,-4538,1773,-292
35345,-14976,-788,-1340,-3958,-33,-3223
35367,-14664,-2808,4240,4628,-1793,-3570
35389,-14536,708,1740,6823,-1395,-465
35411,-18268,2680,-2224,2490,-1958,4209
35433,-17640,8576,468,-6844,-2252,4998
35455,-18044,1048,5092,-7794,-5201,-3893
35477,-16728,1328,2884,3188,-4793,-1627
35499,-14820,4480,3944,5918,-3322,-4
35521,-15284,3072,2328,-186,-1755,1686
35543,-16876,3640,760,-7628,-1507,4231
35565,-15476,7160,2840,-13987,-2324,3071
35587,-15268,-740,2540,-9293,-5373,-2417
35609,-14356,1376,3944,-413,-6515,-587
35631,-14124,2388,2552,1504,-6499,437
35653,-13996,5624,-460,-3,-5272,4333
35675,-14844,5964,-4364,-7392,-3719,2407
35697,-14588,1616,-2236,-6401,-3856,-922
35719,-13376,1852,-5188,-4966,-888,-1283
35741,-13100,-112,-5932,-4897,2157,-1696
35763,-12104,-2832,-7880,-6911,5518,-2668
35785,-15736,-4028,-3856,-6634,6539,-3142
35807,-30616,14516,9344,953,1632,4563
35829,-18280,13960,-15744,8898,13537,1582
35851,-25824,-3952,3028,-10083,1750,-2294
35873,-15772,28,-804,9,8000,1966
35895,-15252,2992,52,-283,6725,3855
35917,-14488,5624,-852,20,6602,2822
35939,-16084,6560,276,580,4579,1320
35961,-15876,-592,-3668,4712,-2291,-584
35983,-16692,1440,-1336,1536,1370,527
36005,-16604,2280,-1456,908,2435,889
36027,-16180,3788,-1484,-680,2781,354
36049,-15664,4616,-2152,-1731,2706,-625
36071,-16068,2996,-1744,-1430,2228,-1328
36093,-17212,1748,-1692,1262,-375,-1301
36115,-15752,3012,-1836,753,296,-690
36137,-15316,2820,-1608,-622,792,-811
36159,-15612,3312,-1748,-2176,2129,-1522
36181,-15636,3000,-1556,-2063,3629,-1486
36203,-16052,2152,-1644,-2261,4812,-1452
36225,-16380,1916,-2108,-2609,5950,-1273
36247,-16200,1996,-2584,-2712,6561,-1248
36269,-16944,1636,-2576,-2855,7365,-1670
36291,-16140,1864,-2324,-1675,8758,-2101
36313,-25136,2408,4592,-1542,-3,-2224
36335,-16392,1344,-5436,15060,264,-995
36357,-23244,5764,132,15884,8504,355
36379,-22688,6944,148,14655,12959,2231
36401,-18536,5496,5832,9744,11015,414
36423,-15980,7160,17072,10986,4593,-250
36445,-11764,5648,15372,7645,-4001,2243
36467,-10180,4744,15220,4810,-10115,5063
36489,-14124,5412,7260,1993,-15477,6189
36511,-18780,524,348,-5694,-19385,5790
36533,-20504,968,-12156,-6937,-18149,6432
36555,-21240,1132,-15620,-13342,-15843,4151
36577,-19508,-532,-18240,-11798,-11123,-371
36599,-15972,664,-17952,-2855,-5566,924
36621,-16468,780,-13248,4804,-1876,-487
36643,-15824,-60,-8212,4796,832,-1141
36665,-16760,560,-5408,4018,1394,-395
36687,-16320,6072,-9028,-3232,1149,3252
36709,-15248,-1376,1096,-4182,-2935,-3753
36731,-15000,-5184,1208,5105,-3112,-5020
36753,-13952,4460,1220,3364,-2155,-1737
36775,-15992,6240,-408,-3972,-1661,2379
36797,-18388,8292,-4624,-7841,-1428,5206
36819,-17936,6224,1796,-10570,-4532,505
36841,-16048,-1996,3816,-762,-6000,-4676
36863,-14084,2284,5796,11858,-3844,-870
36885,-15256,4888,872,8616,-1966,3672
36907,-15980,3316,-80,-2497,-1072,5637
36929,-16484,8024,2832,-13561,-1451,5361
36951,-15324,-2524,3904,-10796,-5786,-3505
36973,-13872,976,2020,-87,-7747,-914
36995,-14124,1100,2168,3129,-8754,-1080
37017,-14412,3924,-708,-691,-6428,-177
37039,-15340,4360,-6880,-3465,-2816,820
37061,-14876,1780,-10192,-4971,1712,766
37083,-13404,-152,-11808,-5799,6670,-569
37105,-12060,-3840,-10200,-13259,10879,-4343
37127,-32768,15288,-30956,-11393,16381,5471
37149,-600,7496,32767,5197,-5657,-2660
37171,-22272,7504,-25884,13919,11631,2376
37193,-27876,-3184,8908,395,-2593,1454
37215,-14600,964,-228,696,4521,85
37237,-16584,1028,24,652,3485,3526
37259,-16980,3188,236,3389,2832,3007
37281,-16260,3224,-724,3511,1886,1980
37303,-16412,3576,-636,3855,1409,1153
37325,-16220,3424,-628,3783,1508,948
37347,-15780,4224,-520,3332,1739,614
37369,-16148,3412,-332,2185,1407,-301
37391,-15780,3776,-432,1703,1612,-451
37413,-15800,3896,176,1203,2002,-673
37435,-15280,3700,-672,638,2951,-907
37457,-15824,3396,-1148,-103,3394,-802
37479,-15088,3972,-1032,-642,4083,-1195
37501,-15872,3936,-1040,-1552,4554,-1865
37523,-16176,2988,-1936,-2173,4768,-1902
37545,-16180,2764,-2452,-2482,5135,-1429
37567,-15700,2624,-2388,-3833,5642,-1160
37589,-15988,3088,-2308,-5457,7144,-1256
37611,-16468,2564,-2140,-7043,8946,-2274
37633,-20996,1512,1596,-4870,5938,-3046
37655,-19820,-912,200,743,1393,-2899
37677,-20216,5376,-1768,8319,6597,619
37699,-20300,4884,-148,9118,10125,2207
37721,-19972,6392,3564,3736,11030,1209
37743,-16596,6360,11176,4857,6115,490
37765,-10624,2384,18548,1010,-2380,-344
37787,-12676,888,16028,4293,-10729,338
37809,-15248,3992,8568,9611,-16206,1900
37831,-19240,5560,1464,3346,-17027,2330
37853,-21760,4856,-15240,1352,-14032,3488
37875,-20144,6540,-20952,-11562,-6939,3274
37897,-14096,3536,-16008,-21740,-819,292
37919,-15824,1416,-12236,-14093,-923,-923
37941,-15468,-48,-8200,-1828,-5008,-1852
37963,-13896,-904,-556,8771,-7204,-2118
37985,-15600,512,-1300,13649,-7416,-1093
38007,-17192,2992,-2328,9865,-6423,2519
38029,-16684,7336,-996,5597,-6189,6104
38051,-16152,1064,4016,1075,-5872,417
38073,-15092,-28,1096,1607,-3836,185
38095,-15120,2552,-776,-1265,-2391,2621
38117,-14300,3308,1296,-9621,-2176,3002
38139,-14468,2384,2664,-10890,-4951,683
38161,-15804,2984,-96,-6830,-5849,-404
38183,-16016,3652,-4624,-6046,-3537,-229
38205,-15852,2928,-7124,-5673,192,1629
38227,-12680,-2668,-9652,-9209,5004,-1721
38249,-13248,-356,-9056,-9347,8578,-2585
38271,-13688,1052,5404,-2781,2520,-2556
38293,-14896,3008,17368,1640,491,-3521
38315,-11456,1208,6820,-2249,4890,-1572
38337,-32768,332,-32768,8136,18326,3781
38359,-15820,180,8420,-7580,-866,2050
38381,-16332,-892,-688,133,8210,763
38403,-16744,2140,-504,-955,7379,2849
38425,-15680,5080,-1612,-296,6616,1766
38447,-15344,5672,-2976,-1900,5853,-27
38469,-17272,2124,-2432,124,3510,-231
38491,-17324,2836,-2184,1402,1332,217
38513,-16488,3488,-2796,918,477,86
38535,-16952,4036,-2240,1430,-1643,-370
38557,-18472,4140,-408,5631,-5084,119
38579,-13976,3124,-2252,4643,-1569,-188
38601,-15532,3032,-2132,783,863,-946
38623,-14776,3020,-2024,635,2408,-713
38645,-15808,3024,-2552,-2622,2709,-1695
38667,-16112,2844,-2692,-2482,3499,-1896
38689,-16904,1788,-2284,-2351,3751,-1550
38711,-16392,1852,-2504,-1374,4089,-970
38733,-15996,2228,-2644,-1222,4922,-896
38755,-16592,1228,-2476,-1530,6982,-1087
38777,-15972,1644,-2064,-338,9758,-1308
38799,-24252,1640,2716,-7514,5910,-2816
38821,-27056,6632,3616,15793,-1364,1700
38843,-21028,4376,-1460,23738,9439,2259
38865,-21416,7620,1084,16673,12139,948
38887,-17552,5848,2448,6589,13151,-1759
38909,-11712,4444,14060,3639,5759,-884
38931,-7320,2112,14740,5541,-4836,-907
38953,-10188,1576,11960,7431,-12749,940
38975,-13548,4112,5744,5666,-17618,3611
38997,-19736,3816,-2024,-948,-20395,6210
39019,-20224,1704,-10264,-11245,-17677,6145
39041,-20616,2604,-16404,-16644,-12562,3021
39063,-18744,2028,-14828,-19515,-7704,-1584
39085,-16232,-40,-6936,-13574,-6985,-3475
39107,-14596,1464,-1712,-6346,-9399,-1201
39129,-16724,2404,-4728,1667,-10978,667
39151,-17564,5116,-12944,3590,-8615,2885
39173,-16588,5316,-9100,2207,-6517,1021
39195,-16332,-668,-8640,5001,-3843,-2785
39217,-16408,-348,-5208,10154,426,-943
39239,-15796,4408,2288,7860,2976,1948
39261,-15160,5692,7436,3225,600,3959
39283,-14996,5136,10904,-4475,-6076,2870
39305,-14112,932,12240,-3862,-13789,-1499
39327,-15968,1580,4872,3445,-15632,544
39349,-17272,2228,-6408,4156,-12052,3594
39371,-16132,2392,-10516,1944,-6306,5621
39393,-15404,2492,-13336,-6504,-1075,2310
39415,-14520,-2812,-6716,-5710,1766,-2356
39437,-14548,-80,-4764,770,4382,-1071
39459,-14916,-1816,-5392,-2486,5732,-1812
39481,-12652,576,5824,-6872,4702,110
39503,-17344,5564,15088,-10867,4027,-976
39525,-15800,-640,-128,-6371,6902,-3527
39547,-31904,17656,-15116,-4023,9771,8224
39569,-17656,3004,5712,-8791,2390,-1199
39591,-12988,1368,-660,-4235,7654,-1428
39613,-18624,-1272,-1900,-4181,7103,10
39635,-17360,-80,-992,-1304,6945,1894
39657,-16660,3440,-892,-466,5870,2256
39679,-16412,3832,-1748,290,4751,911
39701,-17116,2180,-1372,4965,724,201
39723,-15860,3228,-1040,3383,706,154
39745,-16364,3168,-1464,1845,917,-107
39767,-16084,3344,-1148,297,1062,-463
39789,-15212,3788,-1004,-943,2006,-1041
39811,-15200,3720,-1108,-1135,3114,-1189
39833,-15528,3672,-1376,-834,3610,-1066
39855,-16412,3080,-2012,-2395,3593,-1413
39877,-16056,2740,-1744,-3166,3878,-2105
39899,-16520,1728,-1864,-2040,4219,-1714
39921,-16444,1640,-1992,-1372,4523,-1026
39943,-16344,2268,-2660,-1373,4872,-748
39965,-16460,2484,-2732,-1908,5698,-1036
39987,-17316,3108,-1628,-1527,6408,-1957
40009,-25956,4192,8856,4940,-3410,-381
40031,-15412,-472,-1956,10951,-2763,-1409
40053,-19344,5040,-2152,10994,8551,-606
40075,-19944,4548,-288,6242,10090,-160
40097,-17628,1984,-3008,1970,10010,-275
40119,-14056,5492,10432,1838,5556,486
40141,-12016,1912,10424,-2667,-2044,-584
40163,-12896,1404,9312,1031,-8228,871
40185,-15780,3520,5076,3114,-11886,1471
40207,-18200,3696,2160,929,-14050,776
40229,-19120,4068,856,-1371,-15161,1470
40251,-18728,5772,-2964,-1202,-15087,2844
40273,-19336,3316,-4852,-5308,-15449,3063
40295,-17460,2352,-6628,-7128,-13007,3159
40317,-16112,3292,-2956,-7461,-11609,2303
40339,-17004,1072,-2992,-1321,-11794,1176
40361,-17412,2068,-2808,4306,-12345,2028
40383,-16984,3764,-2492,5892,-11552,2184
40405,-15692,3916,2160,5889,-10116,1504
40427,-14388,2300,1824,4760,-8882,2390
40449,-15284,3532,356,2214,-8121,1459
40471,-15528,3708,-2780,-82,-6056,1978
40493,-14788,3124,-7260,-2888,-1921,2353
40515,-13592,1876,-7928,-6025,3294,1543
40537,-12444,-212,-3104,-9143,6813,-700
40559,-13944,-660,-2388,-9108,8145,-3336
40581,-15300,-1868,-5648,-1033,4783,-1124
40603,-15688,468,3000,1376,1706,-2183
40625,-15624,2636,5380,6030,-130,-2495
40647,-16460,7056,16292,3431,72,-2303
40669,-13656,-700,48,-4343,5434,-4069
40691,-17400,6472,-11976,-4942,10870,3998
40713,-25264,-1704,-21108,2591,9933,-1116
40735,-19840,-8472,5184,-2546,703,-3726
40757,-16528,-1136,1752,1442,4736,1386
40779,-16084,2364,376,2321,6369,2247
40801,-15552,3292,-600,3159,6983,2875
40823,-15688,6000,-104,3454,5049,1224
40845,-15204,3828,-924,2078,3600,-438
40867,-17268,1616,-536,3225,4363,380
40889,-16388,3080,-524,1591,5124,1515
40911,-16352,3876,-2076,-261,4822,1041
40933,-16328,4288,-1700,-2444,4024,-247
40955,-15948,3192,-1836,-4144,4403,-647
40977,-16024,3220,-1776,-4138,4750,-528
40999,-16212,2912,-2192,-3787,3854,-654
41021,-16312,3516,-2876,-3181,2549,-657
41043,-16604,3280,-2436,-210,-453,-674
41065,-19120,3884,896,6489,-5241,234
41087,-14188,3216,-2296,6816,-3889,-378
41109,-15272,3068,-2272,4572,-2436,-663
41131,-15972,2720,-1900,1543,-1267,-547
41153,-16700,2760,-1868,3453,-2466,-436
41175,-15728,3820,-2188,1556,-2047,-687
41197,-16472,2984,-1392,-153,-1934,-805
41219,-16060,2656,-1508,-175,-1477,-632
41241,-15612,3568,-1204,-251,-822,-544
41263,-15608,3988,-1400,-1415,45,-1091
41285,-15792,3364,-1184,-2829,1169,-1722
41307,-15548,3076,-904,-3690,2674,-1821
41329,-16088,2228,-660,-4305,4090,-1724
41351,-16656,1556,-1616,-4962,4703,-1673
41373,-16584,2340,-1940,-3510,4553,-1438
41395,-16144,2512,-2300,-2305,4273,-1574
41417,-16060,2376,-2456,-1814,4623,-1686
41439,-16072,1908,-2508,-2666,5853,-2216
41461,-19484,2148,1164,-1691,2622,-2006
41483,-21232,2232,4276,1546,-3018,-1309
41505,-15784,4680,-3668,10660,5571,-774
41527,-21148,5100,-468,7318,8937,-696
41549,-20504,5048,-664,3330,9399,-1440
41571,-17336,4984,2408,1689,8015,-159
41593,-12524,8168,14304,-3018,1756,566
41615,-13756,3744,10920,-6148,-5062,629
41637,-13688,2464,8208,-1808,-9776,1478
41659,-14960,1980,4380,-30,-13755,1238
41681,-16328,2704,-1380,-1152,-15231,2094
41703,-17572,2968,-3464,-5506,-15814,2797
41725,-17892,2176,-3696,-6774,-15640,1656
41747,-18376,1708,-5108,-8980,-13398,736
41769,-17516,1856,-7144,-9608,-8426,51
41791,-19828,536,-7524,-8388,-7691,-923
41813,-18900,3828,-15020,-4773,-4713,2744
41835,-16748,3188,-3948,-4172,-8735,672
41857,-14100,-1608,-1296,1713,-6513,-2432
41879,-15500,-652,-488,6367,-5161,-527
41901,-16208,616,-3308,12427,-4682,439
41923,-16876,1436,-10012,7583,-3513,2051
41945,-14980,3608,-1556,3274,-2694,1749
41967,-14792,-912,3680,1564,-1431,-2298
41989,-13624,-376,524,3039,319,-1281
42011,-13456,732,-1048,4038,735,-496
42033,-14156,1052,3560,-1271,100,-720
42055,-17644,4124,6624,-3565,-2135,179
42077,-21040,10944,-4960,-3280,1988,3795
42099,-20128,7736,-3836,-6529,1124,-1422
42121,-15476,-568,3752,-6320,815,-3525
42143,-15480,-2352,3216,-1340,3212,-2053
42165,-15588,-1892,4152,1216,4274,191
42187,-16656,-200,292,2009,5800,1625
42209,-17296,4120,-120,189,4568,2210
42231,-15424,5320,636,-4387,2517,89
42253,-15260,5200,156,-4521,2409,-748
42275,-15904,3168,516,-2653,2437,-1141
42297,-16456,1668,388,-1594,2215,-850
42319,-16716,420,1008,-1132,1837,-348
42341,-16556,904,248,-714,1605,446
42363,-16324,2360,172,-1198,1910,550
42385,-16032,2856,248,-1237,2461,369
42407,-15736,3060,316,-891,3117,114
42429,-16072,2768,40,-190,3672,108
42451,-16188,2540,-672,-348,3628,-32
42473,-16256,2068,-832,-924,3173,0
42495,-16396,2136,-736,-1127,2539,-28
42517,-16324,2868,-948,-1260,2448,204
42539,-16404,2660,-880,-1246,1904,-162
42561,-16232,2212,-880,-1266,1478,-313
42583,-16016,1732,-1208,-1068,1218,-153
42605,-16368,1752,-1148,-353,1077,259
42627,-16372,2172,-1096,-660,1007,414
42649,-15628,2788,-1048,-834,1307,384
42671,-16160,2860,-1696,-1053,1526,308
42693,-15876,2908,-1524,-1323,1568,149
42715,-16072,1884,-1264,-1459,1792,346
42737,-16048,2412,-1496,-1037,1861,667
42759,-16064,2008,-1696,-1344,1941,784
42781,-15848,2844,-2252,-1073,1851,1020
42803,-16004,2576,-1848,-1146,1512,1100
42825,-16328,2164,-1832,-970,1524,1344
42847,-16508,2984,-1724,-877,1768,1467
42869,-16448,3504,-2556,-814,1489,971
42891,-16444,3200,-2544,-1211,952,349
42913,-16360,3264,-2112,-1139,640,-296
42935,-16352,3156,-2412,-516,403,-732
42957,-16240,3180,-2592,-30,-144,-1086
42979,-16012,3052,-2636,27,-745,-1510
